,product_id,products_category,products_name,products_price,scrapy_datetime,stlye_id,color_id,color_name,cotton,polyester,elastomultiester,spandex
0,1024256001,men_jeans_slim,slim_jeans,19.99,2022-04-24 11:00:00-21:30,1024256,1,dark_denim_blue,0.0,0.0,0.0,0.0
1,1024256001,men_jeans_slim,slim_jeans,19.99,2022-04-24 11:00:00-21:30,1024256,1,black,0.0,0.0,0.0,0.0
2,1024256001,men_jeans_slim,slim_jeans,19.99,2022-04-24 11:00:00-21:30,1024256,1,light_denim_blue,0.0,0.0,0.0,0.0
3,1024256001,men_jeans_slim,slim_jeans,19.99,2022-04-24 11:00:00-21:30,1024256,1,denim_blue,0.0,0.0,0.0,0.0
4,1024256001,men_jeans_slim,slim_jeans,19.99,2022-04-24 11:00:00-21:30,1024256,1,dark_blue,0.0,0.0,0.0,0.0
5,1024256001,men_jeans_slim,slim_jeans,19.99,2022-04-24 11:00:00-21:30,1024256,1,dark_gray,0.0,0.0,0.0,0.0
6,1024256001,men_jeans_slim,slim_jeans,19.99,2022-04-24 11:00:00-21:30,1024256,1,white,0.0,0.0,0.0,0.0
7,1024256002,men_jeans_slim,slim_jeans,19.99,2022-04-24 11:00:00-21:30,1024256,2,dark_denim_blue,0.0,0.0,0.0,0.0
8,1024256002,men_jeans_slim,slim_jeans,19.99,2022-04-24 11:00:00-21:30,1024256,2,black,0.0,0.0,0.0,0.0
9,1024256002,men_jeans_slim,slim_jeans,19.99,2022-04-24 11:00:00-21:30,1024256,2,light_denim_blue,0.0,0.0,0.0,0.0
10,1024256002,men_jeans_slim,slim_jeans,19.99,2022-04-24 11:00:00-21:30,1024256,2,denim_blue,0.0,0.0,0.0,0.0
11,1024256002,men_jeans_slim,slim_jeans,19.99,2022-04-24 11:00:00-21:30,1024256,2,dark_blue,0.0,0.0,0.0,0.0
12,1024256002,men_jeans_slim,slim_jeans,19.99,2022-04-24 11:00:00-21:30,1024256,2,dark_gray,0.0,0.0,0.0,0.0
13,1024256002,men_jeans_slim,slim_jeans,19.99,2022-04-24 11:00:00-21:30,1024256,2,white,0.0,0.0,0.0,0.0
14,938875013,men_jeans_slim,slim_tapered_jeans,39.99,2022-04-24 11:00:00-21:30,938875,13,light_denim_blue,0.0,0.0,0.0,0.0
15,938875013,men_jeans_slim,slim_tapered_jeans,39.99,2022-04-24 11:00:00-21:30,938875,13,white,0.0,0.0,0.0,0.0
16,938875013,men_jeans_slim,slim_tapered_jeans,39.99,2022-04-24 11:00:00-21:30,938875,13,dark_gray,0.0,0.0,0.0,0.0
17,938875013,men_jeans_slim,slim_tapered_jeans,39.99,2022-04-24 11:00:00-21:30,938875,13,light_blue,0.0,0.0,0.0,0.0
18,938875013,men_jeans_slim,slim_tapered_jeans,39.99,2022-04-24 11:00:00-21:30,938875,13,denim_blue,0.0,0.0,0.0,0.0
19,938875013,men_jeans_slim,slim_tapered_jeans,39.99,2022-04-24 11:00:00-21:30,938875,13,pale_denim_blue,0.0,0.0,0.0,0.0
20,938875013,men_jeans_slim,slim_tapered_jeans,39.99,2022-04-24 11:00:00-21:30,938875,13,black,0.0,0.0,0.0,0.0
21,938875002,men_jeans_slim,slim_tapered_jeans,39.99,2022-04-24 11:00:00-21:30,938875,2,light_denim_blue,0.0,0.0,0.0,0.0
22,938875002,men_jeans_slim,slim_tapered_jeans,39.99,2022-04-24 11:00:00-21:30,938875,2,white,0.0,0.0,0.0,0.0
23,938875002,men_jeans_slim,slim_tapered_jeans,39.99,2022-04-24 11:00:00-21:30,938875,2,dark_gray,0.0,0.0,0.0,0.0
24,938875002,men_jeans_slim,slim_tapered_jeans,39.99,2022-04-24 11:00:00-21:30,938875,2,light_blue,0.0,0.0,0.0,0.0
25,938875002,men_jeans_slim,slim_tapered_jeans,39.99,2022-04-24 11:00:00-21:30,938875,2,denim_blue,0.0,0.0,0.0,0.0
26,938875002,men_jeans_slim,slim_tapered_jeans,39.99,2022-04-24 11:00:00-21:30,938875,2,pale_denim_blue,0.0,0.0,0.0,0.0
27,938875002,men_jeans_slim,slim_tapered_jeans,39.99,2022-04-24 11:00:00-21:30,938875,2,black,0.0,0.0,0.0,0.0
28,811993036,men_jeans_regular,regular_jeans,29.99,2022-04-24 11:00:00-21:30,811993,36,dark_blue,0.98,0.0,0.0,0.02
29,811993036,men_jeans_regular,regular_jeans,29.99,2022-04-24 11:00:00-21:30,811993,36,black_washed_out,0.99,0.0,0.0,0.01
30,811993036,men_jeans_regular,regular_jeans,29.99,2022-04-24 11:00:00-21:30,811993,36,graphite_gray,0.99,0.0,0.0,0.01
31,811993036,men_jeans_regular,regular_jeans,29.99,2022-04-24 11:00:00-21:30,811993,36,light_denim_blue,0.99,0.0,0.0,0.01
32,811993036,men_jeans_regular,regular_jeans,29.99,2022-04-24 11:00:00-21:30,811993,36,cream,0.99,0.0,0.0,0.01
33,811993036,men_jeans_regular,regular_jeans,29.99,2022-04-24 11:00:00-21:30,811993,36,light_blue,0.99,0.0,0.0,0.01
34,811993036,men_jeans_regular,regular_jeans,29.99,2022-04-24 11:00:00-21:30,811993,36,denim_blue,0.99,0.0,0.0,0.01
35,811993036,men_jeans_regular,regular_jeans,29.99,2022-04-24 11:00:00-21:30,811993,36,pale_denim_blue,0.99,0.0,0.0,0.01
36,811993036,men_jeans_regular,regular_jeans,29.99,2022-04-24 11:00:00-21:30,811993,36,blue,0.99,0.0,0.0,0.01
37,811993036,men_jeans_regular,regular_jeans,29.99,2022-04-24 11:00:00-21:30,811993,36,dark_denim_blue,0.99,0.0,0.0,0.01
38,811993036,men_jeans_regular,regular_jeans,29.99,2022-04-24 11:00:00-21:30,811993,36,black,0.99,0.0,0.0,0.01
39,1008549004,men_jeans_regular,regular_jeans,19.99,2022-04-24 11:00:00-21:30,1008549,4,light_denim_blue,0.0,0.0,0.0,0.0
40,1008549004,men_jeans_regular,regular_jeans,19.99,2022-04-24 11:00:00-21:30,1008549,4,denim_blue,0.0,0.0,0.0,0.0
41,1008549004,men_jeans_regular,regular_jeans,19.99,2022-04-24 11:00:00-21:30,1008549,4,dark_gray,0.0,0.0,0.0,0.0
42,1008549004,men_jeans_regular,regular_jeans,19.99,2022-04-24 11:00:00-21:30,1008549,4,dark_blue,0.0,0.0,0.0,0.0
43,1008549004,men_jeans_regular,regular_jeans,19.99,2022-04-24 11:00:00-21:30,1008549,4,black,0.0,0.0,0.0,0.0
44,1008549004,men_jeans_regular,regular_jeans,19.99,2022-04-24 11:00:00-21:30,1008549,4,light_gray,0.0,0.0,0.0,0.0
45,979945009,men_jeans_loose,loose_jeans,29.99,2022-04-24 11:00:00-21:30,979945,9,black,0.0,0.0,0.0,0.0
46,979945009,men_jeans_loose,loose_jeans,29.99,2022-04-24 11:00:00-21:30,979945,9,light_denim_blue,0.0,0.0,0.0,0.0
47,979945009,men_jeans_loose,loose_jeans,29.99,2022-04-24 11:00:00-21:30,979945,9,denim_blue,0.0,0.0,0.0,0.0
48,979945009,men_jeans_loose,loose_jeans,29.99,2022-04-24 11:00:00-21:30,979945,9,light_gray,0.0,0.0,0.0,0.0
49,1008549007,men_jeans_regular,regular_jeans,19.99,2022-04-24 11:00:00-21:30,1008549,7,light_denim_blue,0.0,0.0,0.0,0.0
50,1008549007,men_jeans_regular,regular_jeans,19.99,2022-04-24 11:00:00-21:30,1008549,7,denim_blue,0.0,0.0,0.0,0.0
51,1008549007,men_jeans_regular,regular_jeans,19.99,2022-04-24 11:00:00-21:30,1008549,7,dark_gray,0.0,0.0,0.0,0.0
52,1008549007,men_jeans_regular,regular_jeans,19.99,2022-04-24 11:00:00-21:30,1008549,7,dark_blue,0.0,0.0,0.0,0.0
53,1008549007,men_jeans_regular,regular_jeans,19.99,2022-04-24 11:00:00-21:30,1008549,7,black,0.0,0.0,0.0,0.0
54,1008549007,men_jeans_regular,regular_jeans,19.99,2022-04-24 11:00:00-21:30,1008549,7,light_gray,0.0,0.0,0.0,0.0
55,985159001,men_jeans_skinny,skinny_jeans,19.99,2022-04-24 11:00:00-21:30,985159,1,black,0.0,0.0,0.0,0.0
56,985159001,men_jeans_skinny,skinny_jeans,19.99,2022-04-24 11:00:00-21:30,985159,1,denim_blue,0.0,0.0,0.0,0.0
57,985159001,men_jeans_skinny,skinny_jeans,19.99,2022-04-24 11:00:00-21:30,985159,1,light_denim_blue,0.0,0.0,0.0,0.0
58,985159001,men_jeans_skinny,skinny_jeans,19.99,2022-04-24 11:00:00-21:30,985159,1,dark_blue,0.0,0.0,0.0,0.0
59,985159001,men_jeans_skinny,skinny_jeans,19.99,2022-04-24 11:00:00-21:30,985159,1,dark_denim_blue,0.0,0.0,0.0,0.0
60,985159001,men_jeans_skinny,skinny_jeans,19.99,2022-04-24 11:00:00-21:30,985159,1,dark_gray,0.0,0.0,0.0,0.0
61,690449036,men_jeans_ripped,skinny_jeans,39.99,2022-04-24 11:00:00-21:30,690449,36,black_trashed,0.0,0.0,0.0,0.0
62,690449036,men_jeans_ripped,skinny_jeans,39.99,2022-04-24 11:00:00-21:30,690449,36,denim_blue,0.0,0.0,0.0,0.0
63,690449036,men_jeans_ripped,skinny_jeans,39.99,2022-04-24 11:00:00-21:30,690449,36,black_washed_out,0.0,0.0,0.0,0.0
64,690449036,men_jeans_ripped,skinny_jeans,39.99,2022-04-24 11:00:00-21:30,690449,36,white,0.0,0.0,0.0,0.0
65,690449036,men_jeans_ripped,skinny_jeans,39.99,2022-04-24 11:00:00-21:30,690449,36,black_washed,0.0,0.0,0.0,0.0
66,690449036,men_jeans_ripped,skinny_jeans,39.99,2022-04-24 11:00:00-21:30,690449,36,dark_denim_blue_trashed,0.0,0.0,0.0,0.0
67,690449036,men_jeans_ripped,skinny_jeans,39.99,2022-04-24 11:00:00-21:30,690449,36,dark_blue_trashed,0.0,0.0,0.0,0.0
68,690449036,men_jeans_ripped,skinny_jeans,39.99,2022-04-24 11:00:00-21:30,690449,36,dark_blue_washed_out,0.0,0.0,0.0,0.0
69,690449036,men_jeans_ripped,skinny_jeans,39.99,2022-04-24 11:00:00-21:30,690449,36,denim_blue_trashed,0.0,0.0,0.0,0.0
70,690449036,men_jeans_ripped,skinny_jeans,39.99,2022-04-24 11:00:00-21:30,690449,36,black,0.0,0.0,0.0,0.0
71,690449036,men_jeans_ripped,skinny_jeans,39.99,2022-04-24 11:00:00-21:30,690449,36,denim_gray,0.0,0.0,0.0,0.0
72,690449036,men_jeans_ripped,skinny_jeans,39.99,2022-04-24 11:00:00-21:30,690449,36,light_denim_blue_trashed,0.0,0.0,0.0,0.0
73,690449036,men_jeans_ripped,skinny_jeans,39.99,2022-04-24 11:00:00-21:30,690449,36,light_denim_gray_trashed,0.0,0.0,0.0,0.0
74,690449036,men_jeans_ripped,skinny_jeans,39.99,2022-04-24 11:00:00-21:30,690449,36,gray,0.0,0.0,0.0,0.0
75,690449036,men_jeans_ripped,skinny_jeans,39.99,2022-04-24 11:00:00-21:30,690449,36,light_denim_blue,0.0,0.0,0.0,0.0
76,1008110001,men_jeans_slim,freefit®_slim_jeans,49.99,2022-04-24 11:00:00-21:30,1008110,1,denim_blue,0.0,0.0,0.0,0.0
77,1008110001,men_jeans_slim,freefit®_slim_jeans,49.99,2022-04-24 11:00:00-21:30,1008110,1,dark_denim_blue,0.0,0.0,0.0,0.0
78,1008110001,men_jeans_slim,freefit®_slim_jeans,49.99,2022-04-24 11:00:00-21:30,1008110,1,black_no_fade_black,0.0,0.0,0.0,0.0
79,1008110001,men_jeans_slim,freefit®_slim_jeans,49.99,2022-04-24 11:00:00-21:30,1008110,1,light_denim_blue,0.0,0.0,0.0,0.0
80,979945001,men_jeans_loose,loose_jeans,29.99,2022-04-24 11:00:00-21:30,979945,1,black,0.0,0.0,0.0,0.0
81,979945001,men_jeans_loose,loose_jeans,29.99,2022-04-24 11:00:00-21:30,979945,1,light_denim_blue,0.0,0.0,0.0,0.0
82,979945001,men_jeans_loose,loose_jeans,29.99,2022-04-24 11:00:00-21:30,979945,1,denim_blue,0.0,0.0,0.0,0.0
83,979945001,men_jeans_loose,loose_jeans,29.99,2022-04-24 11:00:00-21:30,979945,1,light_gray,0.0,0.0,0.0,0.0
84,690449051,men_jeans_ripped,skinny_jeans,39.99,2022-04-24 11:00:00-21:30,690449,51,black_trashed,0.0,0.0,0.0,0.0
85,690449051,men_jeans_ripped,skinny_jeans,39.99,2022-04-24 11:00:00-21:30,690449,51,denim_blue,0.0,0.0,0.0,0.0
86,690449051,men_jeans_ripped,skinny_jeans,39.99,2022-04-24 11:00:00-21:30,690449,51,black_washed_out,0.0,0.0,0.0,0.0
87,690449051,men_jeans_ripped,skinny_jeans,39.99,2022-04-24 11:00:00-21:30,690449,51,white,0.0,0.0,0.0,0.0
88,690449051,men_jeans_ripped,skinny_jeans,39.99,2022-04-24 11:00:00-21:30,690449,51,black_washed,0.0,0.0,0.0,0.0
89,690449051,men_jeans_ripped,skinny_jeans,39.99,2022-04-24 11:00:00-21:30,690449,51,dark_denim_blue_trashed,0.0,0.0,0.0,0.0
90,690449051,men_jeans_ripped,skinny_jeans,39.99,2022-04-24 11:00:00-21:30,690449,51,dark_blue_trashed,0.0,0.0,0.0,0.0
91,690449051,men_jeans_ripped,skinny_jeans,39.99,2022-04-24 11:00:00-21:30,690449,51,dark_blue_washed_out,0.0,0.0,0.0,0.0
92,690449051,men_jeans_ripped,skinny_jeans,39.99,2022-04-24 11:00:00-21:30,690449,51,denim_blue_trashed,0.0,0.0,0.0,0.0
93,690449051,men_jeans_ripped,skinny_jeans,39.99,2022-04-24 11:00:00-21:30,690449,51,black,0.0,0.0,0.0,0.0
94,690449051,men_jeans_ripped,skinny_jeans,39.99,2022-04-24 11:00:00-21:30,690449,51,denim_gray,0.0,0.0,0.0,0.0
95,690449051,men_jeans_ripped,skinny_jeans,39.99,2022-04-24 11:00:00-21:30,690449,51,light_denim_blue_trashed,0.0,0.0,0.0,0.0
96,690449051,men_jeans_ripped,skinny_jeans,39.99,2022-04-24 11:00:00-21:30,690449,51,light_denim_gray_trashed,0.0,0.0,0.0,0.0
97,690449051,men_jeans_ripped,skinny_jeans,39.99,2022-04-24 11:00:00-21:30,690449,51,gray,0.0,0.0,0.0,0.0
98,690449051,men_jeans_ripped,skinny_jeans,39.99,2022-04-24 11:00:00-21:30,690449,51,light_denim_blue,0.0,0.0,0.0,0.0
99,985159004,men_jeans_skinny,skinny_jeans,19.99,2022-04-24 11:00:00-21:30,985159,4,black,0.0,0.0,0.0,0.0
100,985159004,men_jeans_skinny,skinny_jeans,19.99,2022-04-24 11:00:00-21:30,985159,4,denim_blue,0.0,0.0,0.0,0.0
101,985159004,men_jeans_skinny,skinny_jeans,19.99,2022-04-24 11:00:00-21:30,985159,4,light_denim_blue,0.0,0.0,0.0,0.0
102,985159004,men_jeans_skinny,skinny_jeans,19.99,2022-04-24 11:00:00-21:30,985159,4,dark_blue,0.0,0.0,0.0,0.0
103,985159004,men_jeans_skinny,skinny_jeans,19.99,2022-04-24 11:00:00-21:30,985159,4,dark_denim_blue,0.0,0.0,0.0,0.0
104,985159004,men_jeans_skinny,skinny_jeans,19.99,2022-04-24 11:00:00-21:30,985159,4,dark_gray,0.0,0.0,0.0,0.0
105,979945002,men_jeans_loose,loose_jeans,29.99,2022-04-24 11:00:00-21:30,979945,2,black,0.0,0.0,0.0,0.0
106,979945002,men_jeans_loose,loose_jeans,29.99,2022-04-24 11:00:00-21:30,979945,2,light_denim_blue,0.0,0.0,0.0,0.0
107,979945002,men_jeans_loose,loose_jeans,29.99,2022-04-24 11:00:00-21:30,979945,2,denim_blue,0.0,0.0,0.0,0.0
108,979945002,men_jeans_loose,loose_jeans,29.99,2022-04-24 11:00:00-21:30,979945,2,light_gray,0.0,0.0,0.0,0.0
109,1024256008,men_jeans_slim,slim_jeans,19.99,2022-04-24 11:00:00-21:30,1024256,8,dark_denim_blue,0.0,0.0,0.0,0.0
110,1024256008,men_jeans_slim,slim_jeans,19.99,2022-04-24 11:00:00-21:30,1024256,8,black,0.0,0.0,0.0,0.0
111,1024256008,men_jeans_slim,slim_jeans,19.99,2022-04-24 11:00:00-21:30,1024256,8,light_denim_blue,0.0,0.0,0.0,0.0
112,1024256008,men_jeans_slim,slim_jeans,19.99,2022-04-24 11:00:00-21:30,1024256,8,denim_blue,0.0,0.0,0.0,0.0
113,1024256008,men_jeans_slim,slim_jeans,19.99,2022-04-24 11:00:00-21:30,1024256,8,dark_blue,0.0,0.0,0.0,0.0
114,1024256008,men_jeans_slim,slim_jeans,19.99,2022-04-24 11:00:00-21:30,1024256,8,dark_gray,0.0,0.0,0.0,0.0
115,1024256008,men_jeans_slim,slim_jeans,19.99,2022-04-24 11:00:00-21:30,1024256,8,white,0.0,0.0,0.0,0.0
116,1024256005,men_jeans_slim,slim_jeans,19.99,2022-04-24 11:00:00-21:30,1024256,5,dark_denim_blue,0.0,0.0,0.0,0.0
117,1024256005,men_jeans_slim,slim_jeans,19.99,2022-04-24 11:00:00-21:30,1024256,5,black,0.0,0.0,0.0,0.0
118,1024256005,men_jeans_slim,slim_jeans,19.99,2022-04-24 11:00:00-21:30,1024256,5,light_denim_blue,0.0,0.0,0.0,0.0
119,1024256005,men_jeans_slim,slim_jeans,19.99,2022-04-24 11:00:00-21:30,1024256,5,denim_blue,0.0,0.0,0.0,0.0
120,1024256005,men_jeans_slim,slim_jeans,19.99,2022-04-24 11:00:00-21:30,1024256,5,dark_blue,0.0,0.0,0.0,0.0
121,1024256005,men_jeans_slim,slim_jeans,19.99,2022-04-24 11:00:00-21:30,1024256,5,dark_gray,0.0,0.0,0.0,0.0
122,1024256005,men_jeans_slim,slim_jeans,19.99,2022-04-24 11:00:00-21:30,1024256,5,white,0.0,0.0,0.0,0.0
123,690449043,men_jeans_ripped,skinny_jeans,39.99,2022-04-24 11:00:00-21:30,690449,43,black_trashed,0.0,0.0,0.0,0.0
124,690449043,men_jeans_ripped,skinny_jeans,39.99,2022-04-24 11:00:00-21:30,690449,43,denim_blue,0.0,0.0,0.0,0.0
125,690449043,men_jeans_ripped,skinny_jeans,39.99,2022-04-24 11:00:00-21:30,690449,43,black_washed_out,0.0,0.0,0.0,0.0
126,690449043,men_jeans_ripped,skinny_jeans,39.99,2022-04-24 11:00:00-21:30,690449,43,white,0.0,0.0,0.0,0.0
127,690449043,men_jeans_ripped,skinny_jeans,39.99,2022-04-24 11:00:00-21:30,690449,43,black_washed,0.0,0.0,0.0,0.0
128,690449043,men_jeans_ripped,skinny_jeans,39.99,2022-04-24 11:00:00-21:30,690449,43,dark_denim_blue_trashed,0.0,0.0,0.0,0.0
129,690449043,men_jeans_ripped,skinny_jeans,39.99,2022-04-24 11:00:00-21:30,690449,43,dark_blue_trashed,0.0,0.0,0.0,0.0
130,690449043,men_jeans_ripped,skinny_jeans,39.99,2022-04-24 11:00:00-21:30,690449,43,dark_blue_washed_out,0.0,0.0,0.0,0.0
131,690449043,men_jeans_ripped,skinny_jeans,39.99,2022-04-24 11:00:00-21:30,690449,43,denim_blue_trashed,0.0,0.0,0.0,0.0
132,690449043,men_jeans_ripped,skinny_jeans,39.99,2022-04-24 11:00:00-21:30,690449,43,black,0.0,0.0,0.0,0.0
133,690449043,men_jeans_ripped,skinny_jeans,39.99,2022-04-24 11:00:00-21:30,690449,43,denim_gray,0.0,0.0,0.0,0.0
134,690449043,men_jeans_ripped,skinny_jeans,39.99,2022-04-24 11:00:00-21:30,690449,43,light_denim_blue_trashed,0.0,0.0,0.0,0.0
135,690449043,men_jeans_ripped,skinny_jeans,39.99,2022-04-24 11:00:00-21:30,690449,43,light_denim_gray_trashed,0.0,0.0,0.0,0.0
136,690449043,men_jeans_ripped,skinny_jeans,39.99,2022-04-24 11:00:00-21:30,690449,43,gray,0.0,0.0,0.0,0.0
137,690449043,men_jeans_ripped,skinny_jeans,39.99,2022-04-24 11:00:00-21:30,690449,43,light_denim_blue,0.0,0.0,0.0,0.0
138,690449056,men_jeans_ripped,skinny_jeans,39.99,2022-04-24 11:00:00-21:30,690449,56,black_trashed,0.0,0.0,0.0,0.0
139,690449056,men_jeans_ripped,skinny_jeans,39.99,2022-04-24 11:00:00-21:30,690449,56,denim_blue,0.0,0.0,0.0,0.0
140,690449056,men_jeans_ripped,skinny_jeans,39.99,2022-04-24 11:00:00-21:30,690449,56,black_washed_out,0.0,0.0,0.0,0.0
141,690449056,men_jeans_ripped,skinny_jeans,39.99,2022-04-24 11:00:00-21:30,690449,56,white,0.0,0.0,0.0,0.0
142,690449056,men_jeans_ripped,skinny_jeans,39.99,2022-04-24 11:00:00-21:30,690449,56,black_washed,0.0,0.0,0.0,0.0
143,690449056,men_jeans_ripped,skinny_jeans,39.99,2022-04-24 11:00:00-21:30,690449,56,dark_denim_blue_trashed,0.0,0.0,0.0,0.0
144,690449056,men_jeans_ripped,skinny_jeans,39.99,2022-04-24 11:00:00-21:30,690449,56,dark_blue_trashed,0.0,0.0,0.0,0.0
145,690449056,men_jeans_ripped,skinny_jeans,39.99,2022-04-24 11:00:00-21:30,690449,56,dark_blue_washed_out,0.0,0.0,0.0,0.0
146,690449056,men_jeans_ripped,skinny_jeans,39.99,2022-04-24 11:00:00-21:30,690449,56,denim_blue_trashed,0.0,0.0,0.0,0.0
147,690449056,men_jeans_ripped,skinny_jeans,39.99,2022-04-24 11:00:00-21:30,690449,56,black,0.0,0.0,0.0,0.0
148,690449056,men_jeans_ripped,skinny_jeans,39.99,2022-04-24 11:00:00-21:30,690449,56,denim_gray,0.0,0.0,0.0,0.0
149,690449056,men_jeans_ripped,skinny_jeans,39.99,2022-04-24 11:00:00-21:30,690449,56,light_denim_blue_trashed,0.0,0.0,0.0,0.0
150,690449056,men_jeans_ripped,skinny_jeans,39.99,2022-04-24 11:00:00-21:30,690449,56,light_denim_gray_trashed,0.0,0.0,0.0,0.0
151,690449056,men_jeans_ripped,skinny_jeans,39.99,2022-04-24 11:00:00-21:30,690449,56,gray,0.0,0.0,0.0,0.0
152,690449056,men_jeans_ripped,skinny_jeans,39.99,2022-04-24 11:00:00-21:30,690449,56,light_denim_blue,0.0,0.0,0.0,0.0
153,1008549006,men_jeans_regular,regular_jeans,19.99,2022-04-24 11:00:00-21:30,1008549,6,light_denim_blue,0.0,0.0,0.0,0.0
154,1008549006,men_jeans_regular,regular_jeans,19.99,2022-04-24 11:00:00-21:30,1008549,6,denim_blue,0.0,0.0,0.0,0.0
155,1008549006,men_jeans_regular,regular_jeans,19.99,2022-04-24 11:00:00-21:30,1008549,6,dark_gray,0.0,0.0,0.0,0.0
156,1008549006,men_jeans_regular,regular_jeans,19.99,2022-04-24 11:00:00-21:30,1008549,6,dark_blue,0.0,0.0,0.0,0.0
157,1008549006,men_jeans_regular,regular_jeans,19.99,2022-04-24 11:00:00-21:30,1008549,6,black,0.0,0.0,0.0,0.0
158,1008549006,men_jeans_regular,regular_jeans,19.99,2022-04-24 11:00:00-21:30,1008549,6,light_gray,0.0,0.0,0.0,0.0
159,690449022,men_jeans_ripped,skinny_jeans,39.99,2022-04-24 11:00:00-21:30,690449,22,black_trashed,0.0,0.0,0.0,0.0
160,690449022,men_jeans_ripped,skinny_jeans,39.99,2022-04-24 11:00:00-21:30,690449,22,denim_blue,0.0,0.0,0.0,0.0
161,690449022,men_jeans_ripped,skinny_jeans,39.99,2022-04-24 11:00:00-21:30,690449,22,black_washed_out,0.0,0.0,0.0,0.0
162,690449022,men_jeans_ripped,skinny_jeans,39.99,2022-04-24 11:00:00-21:30,690449,22,white,0.0,0.0,0.0,0.0
163,690449022,men_jeans_ripped,skinny_jeans,39.99,2022-04-24 11:00:00-21:30,690449,22,black_washed,0.0,0.0,0.0,0.0
164,690449022,men_jeans_ripped,skinny_jeans,39.99,2022-04-24 11:00:00-21:30,690449,22,dark_denim_blue_trashed,0.0,0.0,0.0,0.0
165,690449022,men_jeans_ripped,skinny_jeans,39.99,2022-04-24 11:00:00-21:30,690449,22,dark_blue_trashed,0.0,0.0,0.0,0.0
166,690449022,men_jeans_ripped,skinny_jeans,39.99,2022-04-24 11:00:00-21:30,690449,22,dark_blue_washed_out,0.0,0.0,0.0,0.0
167,690449022,men_jeans_ripped,skinny_jeans,39.99,2022-04-24 11:00:00-21:30,690449,22,denim_blue_trashed,0.0,0.0,0.0,0.0
168,690449022,men_jeans_ripped,skinny_jeans,39.99,2022-04-24 11:00:00-21:30,690449,22,black,0.0,0.0,0.0,0.0
169,690449022,men_jeans_ripped,skinny_jeans,39.99,2022-04-24 11:00:00-21:30,690449,22,denim_gray,0.0,0.0,0.0,0.0
170,690449022,men_jeans_ripped,skinny_jeans,39.99,2022-04-24 11:00:00-21:30,690449,22,light_denim_blue_trashed,0.0,0.0,0.0,0.0
171,690449022,men_jeans_ripped,skinny_jeans,39.99,2022-04-24 11:00:00-21:30,690449,22,light_denim_gray_trashed,0.0,0.0,0.0,0.0
172,690449022,men_jeans_ripped,skinny_jeans,39.99,2022-04-24 11:00:00-21:30,690449,22,gray,0.0,0.0,0.0,0.0
173,690449022,men_jeans_ripped,skinny_jeans,39.99,2022-04-24 11:00:00-21:30,690449,22,light_denim_blue,0.0,0.0,0.0,0.0
174,979945003,men_jeans_loose,loose_jeans,29.99,2022-04-24 11:00:00-21:30,979945,3,black,0.0,0.0,0.0,0.0
175,979945003,men_jeans_loose,loose_jeans,29.99,2022-04-24 11:00:00-21:30,979945,3,light_denim_blue,0.0,0.0,0.0,0.0
176,979945003,men_jeans_loose,loose_jeans,29.99,2022-04-24 11:00:00-21:30,979945,3,denim_blue,0.0,0.0,0.0,0.0
177,979945003,men_jeans_loose,loose_jeans,29.99,2022-04-24 11:00:00-21:30,979945,3,light_gray,0.0,0.0,0.0,0.0
178,1024256003,men_jeans_slim,slim_jeans,19.99,2022-04-24 11:00:00-21:30,1024256,3,dark_denim_blue,0.0,0.0,0.0,0.0
179,1024256003,men_jeans_slim,slim_jeans,19.99,2022-04-24 11:00:00-21:30,1024256,3,black,0.0,0.0,0.0,0.0
180,1024256003,men_jeans_slim,slim_jeans,19.99,2022-04-24 11:00:00-21:30,1024256,3,light_denim_blue,0.0,0.0,0.0,0.0
181,1024256003,men_jeans_slim,slim_jeans,19.99,2022-04-24 11:00:00-21:30,1024256,3,denim_blue,0.0,0.0,0.0,0.0
182,1024256003,men_jeans_slim,slim_jeans,19.99,2022-04-24 11:00:00-21:30,1024256,3,dark_blue,0.0,0.0,0.0,0.0
183,1024256003,men_jeans_slim,slim_jeans,19.99,2022-04-24 11:00:00-21:30,1024256,3,dark_gray,0.0,0.0,0.0,0.0
184,1024256003,men_jeans_slim,slim_jeans,19.99,2022-04-24 11:00:00-21:30,1024256,3,white,0.0,0.0,0.0,0.0
185,985159006,men_jeans_skinny,skinny_jeans,19.99,2022-04-24 11:00:00-21:30,985159,6,black,0.0,0.0,0.0,0.0
186,985159006,men_jeans_skinny,skinny_jeans,19.99,2022-04-24 11:00:00-21:30,985159,6,denim_blue,0.0,0.0,0.0,0.0
187,985159006,men_jeans_skinny,skinny_jeans,19.99,2022-04-24 11:00:00-21:30,985159,6,light_denim_blue,0.0,0.0,0.0,0.0
188,985159006,men_jeans_skinny,skinny_jeans,19.99,2022-04-24 11:00:00-21:30,985159,6,dark_blue,0.0,0.0,0.0,0.0
189,985159006,men_jeans_skinny,skinny_jeans,19.99,2022-04-24 11:00:00-21:30,985159,6,dark_denim_blue,0.0,0.0,0.0,0.0
190,985159006,men_jeans_skinny,skinny_jeans,19.99,2022-04-24 11:00:00-21:30,985159,6,dark_gray,0.0,0.0,0.0,0.0
191,938875007,men_jeans_slim,slim_tapered_jeans,39.99,2022-04-24 11:00:00-21:30,938875,7,light_denim_blue,0.0,0.0,0.0,0.0
192,938875007,men_jeans_slim,slim_tapered_jeans,39.99,2022-04-24 11:00:00-21:30,938875,7,white,0.0,0.0,0.0,0.0
193,938875007,men_jeans_slim,slim_tapered_jeans,39.99,2022-04-24 11:00:00-21:30,938875,7,dark_gray,0.0,0.0,0.0,0.0
194,938875007,men_jeans_slim,slim_tapered_jeans,39.99,2022-04-24 11:00:00-21:30,938875,7,light_blue,0.0,0.0,0.0,0.0
195,938875007,men_jeans_slim,slim_tapered_jeans,39.99,2022-04-24 11:00:00-21:30,938875,7,denim_blue,0.0,0.0,0.0,0.0
196,938875007,men_jeans_slim,slim_tapered_jeans,39.99,2022-04-24 11:00:00-21:30,938875,7,pale_denim_blue,0.0,0.0,0.0,0.0
197,938875007,men_jeans_slim,slim_tapered_jeans,39.99,2022-04-24 11:00:00-21:30,938875,7,black,0.0,0.0,0.0,0.0
198,1004199002,men_jeans_skinny,skinny_cropped_jeans,29.99,2022-04-24 11:00:00-21:30,1004199,2,light_denim_blue,0.0,0.0,0.0,0.0
199,1004199002,men_jeans_skinny,skinny_cropped_jeans,29.99,2022-04-24 11:00:00-21:30,1004199,2,black,0.99,0.0,0.0,0.01
200,1004199002,men_jeans_skinny,skinny_cropped_jeans,29.99,2022-04-24 11:00:00-21:30,1004199,2,denim_blue,0.99,0.0,0.0,0.01
201,1004199002,men_jeans_skinny,skinny_cropped_jeans,29.99,2022-04-24 11:00:00-21:30,1004199,2,white,0.99,0.0,0.0,0.01
202,1004199002,men_jeans_skinny,skinny_cropped_jeans,29.99,2022-04-24 11:00:00-21:30,1004199,2,light_gray,0.99,0.0,0.0,0.01
203,927964013,men_jeans_regular,regular_tapered_crop_jeans,19.99,2022-04-24 11:00:00-21:30,927964,13,light_denim_blue,0.0,0.0,0.0,0.0
204,927964013,men_jeans_regular,regular_tapered_crop_jeans,19.99,2022-04-24 11:00:00-21:30,927964,13,denim_blue,0.0,0.0,0.0,0.0
205,927964013,men_jeans_regular,regular_tapered_crop_jeans,19.99,2022-04-24 11:00:00-21:30,927964,13,dark_gray,0.0,0.0,0.0,0.0
206,927964013,men_jeans_regular,regular_tapered_crop_jeans,19.99,2022-04-24 11:00:00-21:30,927964,13,steel_blue,0.0,0.0,0.0,0.0
207,927964013,men_jeans_regular,regular_tapered_crop_jeans,19.99,2022-04-24 11:00:00-21:30,927964,13,white,0.0,0.0,0.0,0.0
208,927964013,men_jeans_regular,regular_tapered_crop_jeans,19.99,2022-04-24 11:00:00-21:30,927964,13,black,0.0,0.0,0.0,0.0
209,1024256004,men_jeans_slim,slim_jeans,19.99,2022-04-24 11:00:00-21:30,1024256,4,dark_denim_blue,0.0,0.0,0.0,0.0
210,1024256004,men_jeans_slim,slim_jeans,19.99,2022-04-24 11:00:00-21:30,1024256,4,black,0.0,0.0,0.0,0.0
211,1024256004,men_jeans_slim,slim_jeans,19.99,2022-04-24 11:00:00-21:30,1024256,4,light_denim_blue,0.0,0.0,0.0,0.0
212,1024256004,men_jeans_slim,slim_jeans,19.99,2022-04-24 11:00:00-21:30,1024256,4,denim_blue,0.0,0.0,0.0,0.0
213,1024256004,men_jeans_slim,slim_jeans,19.99,2022-04-24 11:00:00-21:30,1024256,4,dark_blue,0.0,0.0,0.0,0.0
214,1024256004,men_jeans_slim,slim_jeans,19.99,2022-04-24 11:00:00-21:30,1024256,4,dark_gray,0.0,0.0,0.0,0.0
215,1024256004,men_jeans_slim,slim_jeans,19.99,2022-04-24 11:00:00-21:30,1024256,4,white,0.0,0.0,0.0,0.0
216,1024256007,men_jeans_slim,slim_jeans,19.99,2022-04-24 11:00:00-21:30,1024256,7,dark_denim_blue,0.0,0.0,0.0,0.0
217,1024256007,men_jeans_slim,slim_jeans,19.99,2022-04-24 11:00:00-21:30,1024256,7,black,0.0,0.0,0.0,0.0
218,1024256007,men_jeans_slim,slim_jeans,19.99,2022-04-24 11:00:00-21:30,1024256,7,light_denim_blue,0.0,0.0,0.0,0.0
219,1024256007,men_jeans_slim,slim_jeans,19.99,2022-04-24 11:00:00-21:30,1024256,7,denim_blue,0.0,0.0,0.0,0.0
220,1024256007,men_jeans_slim,slim_jeans,19.99,2022-04-24 11:00:00-21:30,1024256,7,dark_blue,0.0,0.0,0.0,0.0
221,1024256007,men_jeans_slim,slim_jeans,19.99,2022-04-24 11:00:00-21:30,1024256,7,dark_gray,0.0,0.0,0.0,0.0
222,1024256007,men_jeans_slim,slim_jeans,19.99,2022-04-24 11:00:00-21:30,1024256,7,white,0.0,0.0,0.0,0.0
223,938875010,men_jeans_slim,slim_tapered_jeans,39.99,2022-04-24 11:00:00-21:30,938875,10,light_denim_blue,0.0,0.0,0.0,0.0
224,938875010,men_jeans_slim,slim_tapered_jeans,39.99,2022-04-24 11:00:00-21:30,938875,10,white,0.0,0.0,0.0,0.0
225,938875010,men_jeans_slim,slim_tapered_jeans,39.99,2022-04-24 11:00:00-21:30,938875,10,dark_gray,0.0,0.0,0.0,0.0
226,938875010,men_jeans_slim,slim_tapered_jeans,39.99,2022-04-24 11:00:00-21:30,938875,10,light_blue,0.0,0.0,0.0,0.0
227,938875010,men_jeans_slim,slim_tapered_jeans,39.99,2022-04-24 11:00:00-21:30,938875,10,denim_blue,0.0,0.0,0.0,0.0
228,938875010,men_jeans_slim,slim_tapered_jeans,39.99,2022-04-24 11:00:00-21:30,938875,10,pale_denim_blue,0.0,0.0,0.0,0.0
229,938875010,men_jeans_slim,slim_tapered_jeans,39.99,2022-04-24 11:00:00-21:30,938875,10,black,0.0,0.0,0.0,0.0
230,1004199005,men_jeans_skinny,skinny_cropped_jeans,29.99,2022-04-24 11:00:00-21:30,1004199,5,light_denim_blue,0.0,0.0,0.0,0.0
231,1004199005,men_jeans_skinny,skinny_cropped_jeans,29.99,2022-04-24 11:00:00-21:30,1004199,5,black,0.99,0.0,0.0,0.01
232,1004199005,men_jeans_skinny,skinny_cropped_jeans,29.99,2022-04-24 11:00:00-21:30,1004199,5,denim_blue,0.99,0.0,0.0,0.01
233,1004199005,men_jeans_skinny,skinny_cropped_jeans,29.99,2022-04-24 11:00:00-21:30,1004199,5,white,0.99,0.0,0.0,0.01
234,1004199005,men_jeans_skinny,skinny_cropped_jeans,29.99,2022-04-24 11:00:00-21:30,1004199,5,light_gray,0.99,0.0,0.0,0.01
235,1004199004,men_jeans_skinny,skinny_cropped_jeans,29.99,2022-04-24 11:00:00-21:30,1004199,4,light_denim_blue,0.0,0.0,0.0,0.0
236,1004199004,men_jeans_skinny,skinny_cropped_jeans,29.99,2022-04-24 11:00:00-21:30,1004199,4,black,0.99,0.0,0.0,0.01
237,1004199004,men_jeans_skinny,skinny_cropped_jeans,29.99,2022-04-24 11:00:00-21:30,1004199,4,denim_blue,0.99,0.0,0.0,0.01
238,1004199004,men_jeans_skinny,skinny_cropped_jeans,29.99,2022-04-24 11:00:00-21:30,1004199,4,white,0.99,0.0,0.0,0.01
239,1004199004,men_jeans_skinny,skinny_cropped_jeans,29.99,2022-04-24 11:00:00-21:30,1004199,4,light_gray,0.99,0.0,0.0,0.01
240,985197004,men_jeans_slim,slim_jeans,19.99,2022-04-24 11:00:00-21:30,985197,4,black,0.0,0.0,0.0,0.0
241,985197004,men_jeans_slim,slim_jeans,19.99,2022-04-24 11:00:00-21:30,985197,4,midnight_blue,0.0,0.0,0.0,0.0
242,985197004,men_jeans_slim,slim_jeans,19.99,2022-04-24 11:00:00-21:30,985197,4,denim_blue,0.0,0.0,0.0,0.0
243,985197004,men_jeans_slim,slim_jeans,19.99,2022-04-24 11:00:00-21:30,985197,4,dark_denim_blue,0.0,0.0,0.0,0.0
244,985197004,men_jeans_slim,slim_jeans,19.99,2022-04-24 11:00:00-21:30,985197,4,light_denim_blue,0.0,0.0,0.0,0.0
245,985197004,men_jeans_slim,slim_jeans,19.99,2022-04-24 11:00:00-21:30,985197,4,dark_gray,0.0,0.0,0.0,0.0
246,1008549002,men_jeans_regular,regular_jeans,19.99,2022-04-24 11:00:00-21:30,1008549,2,light_denim_blue,0.0,0.0,0.0,0.0
247,1008549002,men_jeans_regular,regular_jeans,19.99,2022-04-24 11:00:00-21:30,1008549,2,denim_blue,0.0,0.0,0.0,0.0
248,1008549002,men_jeans_regular,regular_jeans,19.99,2022-04-24 11:00:00-21:30,1008549,2,dark_gray,0.0,0.0,0.0,0.0
249,1008549002,men_jeans_regular,regular_jeans,19.99,2022-04-24 11:00:00-21:30,1008549,2,dark_blue,0.0,0.0,0.0,0.0
250,1008549002,men_jeans_regular,regular_jeans,19.99,2022-04-24 11:00:00-21:30,1008549,2,black,0.0,0.0,0.0,0.0
251,1008549002,men_jeans_regular,regular_jeans,19.99,2022-04-24 11:00:00-21:30,1008549,2,light_gray,0.0,0.0,0.0,0.0
252,811993034,men_jeans_regular,regular_jeans,29.99,2022-04-24 11:00:00-21:30,811993,34,dark_blue,0.98,0.0,0.0,0.02
253,811993034,men_jeans_regular,regular_jeans,29.99,2022-04-24 11:00:00-21:30,811993,34,black_washed_out,0.99,0.0,0.0,0.01
254,811993034,men_jeans_regular,regular_jeans,29.99,2022-04-24 11:00:00-21:30,811993,34,graphite_gray,0.99,0.0,0.0,0.01
255,811993034,men_jeans_regular,regular_jeans,29.99,2022-04-24 11:00:00-21:30,811993,34,light_denim_blue,0.99,0.0,0.0,0.01
256,811993034,men_jeans_regular,regular_jeans,29.99,2022-04-24 11:00:00-21:30,811993,34,cream,0.99,0.0,0.0,0.01
257,811993034,men_jeans_regular,regular_jeans,29.99,2022-04-24 11:00:00-21:30,811993,34,light_blue,0.99,0.0,0.0,0.01
258,811993034,men_jeans_regular,regular_jeans,29.99,2022-04-24 11:00:00-21:30,811993,34,denim_blue,0.99,0.0,0.0,0.01
259,811993034,men_jeans_regular,regular_jeans,29.99,2022-04-24 11:00:00-21:30,811993,34,pale_denim_blue,0.99,0.0,0.0,0.01
260,811993034,men_jeans_regular,regular_jeans,29.99,2022-04-24 11:00:00-21:30,811993,34,blue,0.99,0.0,0.0,0.01
261,811993034,men_jeans_regular,regular_jeans,29.99,2022-04-24 11:00:00-21:30,811993,34,dark_denim_blue,0.99,0.0,0.0,0.01
262,811993034,men_jeans_regular,regular_jeans,29.99,2022-04-24 11:00:00-21:30,811993,34,black,0.99,0.0,0.0,0.01
263,985159008,men_jeans_skinny,skinny_jeans,19.99,2022-04-24 11:00:00-21:30,985159,8,black,0.0,0.0,0.0,0.0
264,985159008,men_jeans_skinny,skinny_jeans,19.99,2022-04-24 11:00:00-21:30,985159,8,denim_blue,0.0,0.0,0.0,0.0
265,985159008,men_jeans_skinny,skinny_jeans,19.99,2022-04-24 11:00:00-21:30,985159,8,light_denim_blue,0.0,0.0,0.0,0.0
266,985159008,men_jeans_skinny,skinny_jeans,19.99,2022-04-24 11:00:00-21:30,985159,8,dark_blue,0.0,0.0,0.0,0.0
267,985159008,men_jeans_skinny,skinny_jeans,19.99,2022-04-24 11:00:00-21:30,985159,8,dark_denim_blue,0.0,0.0,0.0,0.0
268,985159008,men_jeans_skinny,skinny_jeans,19.99,2022-04-24 11:00:00-21:30,985159,8,dark_gray,0.0,0.0,0.0,0.0
269,1008549001,men_jeans_regular,regular_jeans,19.99,2022-04-24 11:00:00-21:30,1008549,1,light_denim_blue,0.0,0.0,0.0,0.0
270,1008549001,men_jeans_regular,regular_jeans,19.99,2022-04-24 11:00:00-21:30,1008549,1,denim_blue,0.0,0.0,0.0,0.0
271,1008549001,men_jeans_regular,regular_jeans,19.99,2022-04-24 11:00:00-21:30,1008549,1,dark_gray,0.0,0.0,0.0,0.0
272,1008549001,men_jeans_regular,regular_jeans,19.99,2022-04-24 11:00:00-21:30,1008549,1,dark_blue,0.0,0.0,0.0,0.0
273,1008549001,men_jeans_regular,regular_jeans,19.99,2022-04-24 11:00:00-21:30,1008549,1,black,0.0,0.0,0.0,0.0
274,1008549001,men_jeans_regular,regular_jeans,19.99,2022-04-24 11:00:00-21:30,1008549,1,light_gray,0.0,0.0,0.0,0.0
275,927964001,men_jeans_regular,regular_tapered_crop_jeans,19.99,2022-04-24 11:00:00-21:30,927964,1,light_denim_blue,0.0,0.0,0.0,0.0
276,927964001,men_jeans_regular,regular_tapered_crop_jeans,19.99,2022-04-24 11:00:00-21:30,927964,1,denim_blue,0.0,0.0,0.0,0.0
277,927964001,men_jeans_regular,regular_tapered_crop_jeans,19.99,2022-04-24 11:00:00-21:30,927964,1,dark_gray,0.0,0.0,0.0,0.0
278,927964001,men_jeans_regular,regular_tapered_crop_jeans,19.99,2022-04-24 11:00:00-21:30,927964,1,steel_blue,0.0,0.0,0.0,0.0
279,927964001,men_jeans_regular,regular_tapered_crop_jeans,19.99,2022-04-24 11:00:00-21:30,927964,1,white,0.0,0.0,0.0,0.0
280,927964001,men_jeans_regular,regular_tapered_crop_jeans,19.99,2022-04-24 11:00:00-21:30,927964,1,black,0.0,0.0,0.0,0.0
281,985159002,men_jeans_skinny,skinny_jeans,19.99,2022-04-24 11:00:00-21:30,985159,2,black,0.0,0.0,0.0,0.0
282,985159002,men_jeans_skinny,skinny_jeans,19.99,2022-04-24 11:00:00-21:30,985159,2,denim_blue,0.0,0.0,0.0,0.0
283,985159002,men_jeans_skinny,skinny_jeans,19.99,2022-04-24 11:00:00-21:30,985159,2,light_denim_blue,0.0,0.0,0.0,0.0
284,985159002,men_jeans_skinny,skinny_jeans,19.99,2022-04-24 11:00:00-21:30,985159,2,dark_blue,0.0,0.0,0.0,0.0
285,985159002,men_jeans_skinny,skinny_jeans,19.99,2022-04-24 11:00:00-21:30,985159,2,dark_denim_blue,0.0,0.0,0.0,0.0
286,985159002,men_jeans_skinny,skinny_jeans,19.99,2022-04-24 11:00:00-21:30,985159,2,dark_gray,0.0,0.0,0.0,0.0
287,1024256006,men_jeans_slim,slim_jeans,19.99,2022-04-24 11:00:00-21:30,1024256,6,dark_denim_blue,0.0,0.0,0.0,0.0
288,1024256006,men_jeans_slim,slim_jeans,19.99,2022-04-24 11:00:00-21:30,1024256,6,black,0.0,0.0,0.0,0.0
289,1024256006,men_jeans_slim,slim_jeans,19.99,2022-04-24 11:00:00-21:30,1024256,6,light_denim_blue,0.0,0.0,0.0,0.0
290,1024256006,men_jeans_slim,slim_jeans,19.99,2022-04-24 11:00:00-21:30,1024256,6,denim_blue,0.0,0.0,0.0,0.0
291,1024256006,men_jeans_slim,slim_jeans,19.99,2022-04-24 11:00:00-21:30,1024256,6,dark_blue,0.0,0.0,0.0,0.0
292,1024256006,men_jeans_slim,slim_jeans,19.99,2022-04-24 11:00:00-21:30,1024256,6,dark_gray,0.0,0.0,0.0,0.0
293,1024256006,men_jeans_slim,slim_jeans,19.99,2022-04-24 11:00:00-21:30,1024256,6,white,0.0,0.0,0.0,0.0
294,985159005,men_jeans_skinny,skinny_jeans,19.99,2022-04-24 11:00:00-21:30,985159,5,black,0.0,0.0,0.0,0.0
295,985159005,men_jeans_skinny,skinny_jeans,19.99,2022-04-24 11:00:00-21:30,985159,5,denim_blue,0.0,0.0,0.0,0.0
296,985159005,men_jeans_skinny,skinny_jeans,19.99,2022-04-24 11:00:00-21:30,985159,5,light_denim_blue,0.0,0.0,0.0,0.0
297,985159005,men_jeans_skinny,skinny_jeans,19.99,2022-04-24 11:00:00-21:30,985159,5,dark_blue,0.0,0.0,0.0,0.0
298,985159005,men_jeans_skinny,skinny_jeans,19.99,2022-04-24 11:00:00-21:30,985159,5,dark_denim_blue,0.0,0.0,0.0,0.0
299,985159005,men_jeans_skinny,skinny_jeans,19.99,2022-04-24 11:00:00-21:30,985159,5,dark_gray,0.0,0.0,0.0,0.0
300,1004199003,men_jeans_skinny,skinny_cropped_jeans,29.99,2022-04-24 11:00:00-21:30,1004199,3,light_denim_blue,0.0,0.0,0.0,0.0
301,1004199003,men_jeans_skinny,skinny_cropped_jeans,29.99,2022-04-24 11:00:00-21:30,1004199,3,black,0.99,0.0,0.0,0.01
302,1004199003,men_jeans_skinny,skinny_cropped_jeans,29.99,2022-04-24 11:00:00-21:30,1004199,3,denim_blue,0.99,0.0,0.0,0.01
303,1004199003,men_jeans_skinny,skinny_cropped_jeans,29.99,2022-04-24 11:00:00-21:30,1004199,3,white,0.99,0.0,0.0,0.01
304,1004199003,men_jeans_skinny,skinny_cropped_jeans,29.99,2022-04-24 11:00:00-21:30,1004199,3,light_gray,0.99,0.0,0.0,0.01
305,1004199001,men_jeans_skinny,skinny_cropped_jeans,29.99,2022-04-24 11:00:00-21:30,1004199,1,light_denim_blue,0.0,0.0,0.0,0.0
306,1004199001,men_jeans_skinny,skinny_cropped_jeans,29.99,2022-04-24 11:00:00-21:30,1004199,1,black,0.99,0.0,0.0,0.01
307,1004199001,men_jeans_skinny,skinny_cropped_jeans,29.99,2022-04-24 11:00:00-21:30,1004199,1,denim_blue,0.99,0.0,0.0,0.01
308,1004199001,men_jeans_skinny,skinny_cropped_jeans,29.99,2022-04-24 11:00:00-21:30,1004199,1,white,0.99,0.0,0.0,0.01
309,1004199001,men_jeans_skinny,skinny_cropped_jeans,29.99,2022-04-24 11:00:00-21:30,1004199,1,light_gray,0.99,0.0,0.0,0.01
310,927964002,men_jeans_regular,regular_tapered_crop_jeans,19.99,2022-04-24 11:00:00-21:30,927964,2,light_denim_blue,0.0,0.0,0.0,0.0
311,927964002,men_jeans_regular,regular_tapered_crop_jeans,19.99,2022-04-24 11:00:00-21:30,927964,2,denim_blue,0.0,0.0,0.0,0.0
312,927964002,men_jeans_regular,regular_tapered_crop_jeans,19.99,2022-04-24 11:00:00-21:30,927964,2,dark_gray,0.0,0.0,0.0,0.0
313,927964002,men_jeans_regular,regular_tapered_crop_jeans,19.99,2022-04-24 11:00:00-21:30,927964,2,steel_blue,0.0,0.0,0.0,0.0
314,927964002,men_jeans_regular,regular_tapered_crop_jeans,19.99,2022-04-24 11:00:00-21:30,927964,2,white,0.0,0.0,0.0,0.0
315,927964002,men_jeans_regular,regular_tapered_crop_jeans,19.99,2022-04-24 11:00:00-21:30,927964,2,black,0.0,0.0,0.0,0.0
316,1008549003,men_jeans_regular,regular_jeans,19.99,2022-04-24 11:00:00-21:30,1008549,3,light_denim_blue,0.0,0.0,0.0,0.0
317,1008549003,men_jeans_regular,regular_jeans,19.99,2022-04-24 11:00:00-21:30,1008549,3,denim_blue,0.0,0.0,0.0,0.0
318,1008549003,men_jeans_regular,regular_jeans,19.99,2022-04-24 11:00:00-21:30,1008549,3,dark_gray,0.0,0.0,0.0,0.0
319,1008549003,men_jeans_regular,regular_jeans,19.99,2022-04-24 11:00:00-21:30,1008549,3,dark_blue,0.0,0.0,0.0,0.0
320,1008549003,men_jeans_regular,regular_jeans,19.99,2022-04-24 11:00:00-21:30,1008549,3,black,0.0,0.0,0.0,0.0
321,1008549003,men_jeans_regular,regular_jeans,19.99,2022-04-24 11:00:00-21:30,1008549,3,light_gray,0.0,0.0,0.0,0.0
322,1018704001,men_jeans_relaxed,relaxed_pull-on_jeans,24.99,2022-04-24 11:00:00-21:30,1018704,1,denim_blue,0.0,0.0,0.0,0.0
323,1018704001,men_jeans_relaxed,relaxed_pull-on_jeans,24.99,2022-04-24 11:00:00-21:30,1018704,1,light_denim_blue,0.0,0.0,0.0,0.0
324,1018704001,men_jeans_relaxed,relaxed_pull-on_jeans,24.99,2022-04-24 11:00:00-21:30,1018704,1,black,0.0,0.0,0.0,0.0
325,985159007,men_jeans_skinny,skinny_jeans,19.99,2022-04-24 11:00:00-21:30,985159,7,black,0.0,0.0,0.0,0.0
326,985159007,men_jeans_skinny,skinny_jeans,19.99,2022-04-24 11:00:00-21:30,985159,7,denim_blue,0.0,0.0,0.0,0.0
327,985159007,men_jeans_skinny,skinny_jeans,19.99,2022-04-24 11:00:00-21:30,985159,7,light_denim_blue,0.0,0.0,0.0,0.0
328,985159007,men_jeans_skinny,skinny_jeans,19.99,2022-04-24 11:00:00-21:30,985159,7,dark_blue,0.0,0.0,0.0,0.0
329,985159007,men_jeans_skinny,skinny_jeans,19.99,2022-04-24 11:00:00-21:30,985159,7,dark_denim_blue,0.0,0.0,0.0,0.0
330,985159007,men_jeans_skinny,skinny_jeans,19.99,2022-04-24 11:00:00-21:30,985159,7,dark_gray,0.0,0.0,0.0,0.0
331,811993040,men_jeans_regular,regular_jeans,29.99,2022-04-24 11:00:00-21:30,811993,40,dark_blue,0.98,0.0,0.0,0.02
332,811993040,men_jeans_regular,regular_jeans,29.99,2022-04-24 11:00:00-21:30,811993,40,black_washed_out,0.99,0.0,0.0,0.01
333,811993040,men_jeans_regular,regular_jeans,29.99,2022-04-24 11:00:00-21:30,811993,40,graphite_gray,0.99,0.0,0.0,0.01
334,811993040,men_jeans_regular,regular_jeans,29.99,2022-04-24 11:00:00-21:30,811993,40,light_denim_blue,0.99,0.0,0.0,0.01
335,811993040,men_jeans_regular,regular_jeans,29.99,2022-04-24 11:00:00-21:30,811993,40,cream,0.99,0.0,0.0,0.01
336,811993040,men_jeans_regular,regular_jeans,29.99,2022-04-24 11:00:00-21:30,811993,40,light_blue,0.99,0.0,0.0,0.01
337,811993040,men_jeans_regular,regular_jeans,29.99,2022-04-24 11:00:00-21:30,811993,40,denim_blue,0.99,0.0,0.0,0.01
338,811993040,men_jeans_regular,regular_jeans,29.99,2022-04-24 11:00:00-21:30,811993,40,pale_denim_blue,0.99,0.0,0.0,0.01
339,811993040,men_jeans_regular,regular_jeans,29.99,2022-04-24 11:00:00-21:30,811993,40,blue,0.99,0.0,0.0,0.01
340,811993040,men_jeans_regular,regular_jeans,29.99,2022-04-24 11:00:00-21:30,811993,40,dark_denim_blue,0.99,0.0,0.0,0.01
341,811993040,men_jeans_regular,regular_jeans,29.99,2022-04-24 11:00:00-21:30,811993,40,black,0.99,0.0,0.0,0.01
342,938875012,men_jeans_slim,slim_tapered_jeans,39.99,2022-04-24 11:00:00-21:30,938875,12,light_denim_blue,0.0,0.0,0.0,0.0
343,938875012,men_jeans_slim,slim_tapered_jeans,39.99,2022-04-24 11:00:00-21:30,938875,12,white,0.0,0.0,0.0,0.0
344,938875012,men_jeans_slim,slim_tapered_jeans,39.99,2022-04-24 11:00:00-21:30,938875,12,dark_gray,0.0,0.0,0.0,0.0
345,938875012,men_jeans_slim,slim_tapered_jeans,39.99,2022-04-24 11:00:00-21:30,938875,12,light_blue,0.0,0.0,0.0,0.0
346,938875012,men_jeans_slim,slim_tapered_jeans,39.99,2022-04-24 11:00:00-21:30,938875,12,denim_blue,0.0,0.0,0.0,0.0
347,938875012,men_jeans_slim,slim_tapered_jeans,39.99,2022-04-24 11:00:00-21:30,938875,12,pale_denim_blue,0.0,0.0,0.0,0.0
348,938875012,men_jeans_slim,slim_tapered_jeans,39.99,2022-04-24 11:00:00-21:30,938875,12,black,0.0,0.0,0.0,0.0
349,1008549008,men_jeans_regular,regular_jeans,19.99,2022-04-24 11:00:00-21:30,1008549,8,light_denim_blue,0.0,0.0,0.0,0.0
350,1008549008,men_jeans_regular,regular_jeans,19.99,2022-04-24 11:00:00-21:30,1008549,8,denim_blue,0.0,0.0,0.0,0.0
351,1008549008,men_jeans_regular,regular_jeans,19.99,2022-04-24 11:00:00-21:30,1008549,8,dark_gray,0.0,0.0,0.0,0.0
352,1008549008,men_jeans_regular,regular_jeans,19.99,2022-04-24 11:00:00-21:30,1008549,8,dark_blue,0.0,0.0,0.0,0.0
353,1008549008,men_jeans_regular,regular_jeans,19.99,2022-04-24 11:00:00-21:30,1008549,8,black,0.0,0.0,0.0,0.0
354,1008549008,men_jeans_regular,regular_jeans,19.99,2022-04-24 11:00:00-21:30,1008549,8,light_gray,0.0,0.0,0.0,0.0
355,875105023,men_jeans_relaxed,relaxed_jeans,29.99,2022-04-24 11:00:00-21:30,875105,23,denim_blue,0.0,0.0,0.0,0.0
356,875105023,men_jeans_relaxed,relaxed_jeans,29.99,2022-04-24 11:00:00-21:30,875105,23,dark_denim_blue,0.0,0.0,0.0,0.0
357,875105023,men_jeans_relaxed,relaxed_jeans,29.99,2022-04-24 11:00:00-21:30,875105,23,pale_denim_blue,0.0,0.0,0.0,0.0
358,875105023,men_jeans_relaxed,relaxed_jeans,29.99,2022-04-24 11:00:00-21:30,875105,23,black,0.0,0.0,0.0,0.0
359,875105023,men_jeans_relaxed,relaxed_jeans,29.99,2022-04-24 11:00:00-21:30,875105,23,light_denim_blue,0.0,0.0,0.0,0.0
360,875105023,men_jeans_relaxed,relaxed_jeans,29.99,2022-04-24 11:00:00-21:30,875105,23,light_gray,0.0,0.0,0.0,0.0
361,1008110005,men_jeans_slim,freefit®_slim_jeans,49.99,2022-04-24 11:00:00-21:30,1008110,5,denim_blue,0.0,0.0,0.0,0.0
362,1008110005,men_jeans_slim,freefit®_slim_jeans,49.99,2022-04-24 11:00:00-21:30,1008110,5,dark_denim_blue,0.0,0.0,0.0,0.0
363,1008110005,men_jeans_slim,freefit®_slim_jeans,49.99,2022-04-24 11:00:00-21:30,1008110,5,black_no_fade_black,0.0,0.0,0.0,0.0
364,1008110005,men_jeans_slim,freefit®_slim_jeans,49.99,2022-04-24 11:00:00-21:30,1008110,5,light_denim_blue,0.0,0.0,0.0,0.0
365,427159006,men_jeans_ripped,trashed_skinny_jeans,39.99,2022-04-24 11:00:00-21:30,427159,6,black_denim,0.93,0.06,0.0,0.01
366,427159006,men_jeans_ripped,trashed_skinny_jeans,39.99,2022-04-24 11:00:00-21:30,427159,6,blue_washed_out,0.93,0.06,0.0,0.01
367,427159006,men_jeans_ripped,trashed_skinny_jeans,39.99,2022-04-24 11:00:00-21:30,427159,6,dark_denim_blue,0.93,0.06,0.0,0.01
368,427159006,men_jeans_ripped,trashed_skinny_jeans,39.99,2022-04-24 11:00:00-21:30,427159,6,black_washed_out,0.93,0.06,0.0,0.01
369,427159006,men_jeans_ripped,trashed_skinny_jeans,39.99,2022-04-24 11:00:00-21:30,427159,6,denim_blue,0.93,0.06,0.0,0.01
370,427159006,men_jeans_ripped,trashed_skinny_jeans,39.99,2022-04-24 11:00:00-21:30,427159,6,white_denim,0.93,0.06,0.0,0.01
371,427159006,men_jeans_ripped,trashed_skinny_jeans,39.99,2022-04-24 11:00:00-21:30,427159,6,light_blue_washed_out,0.93,0.06,0.0,0.01
372,427159006,men_jeans_ripped,trashed_skinny_jeans,39.99,2022-04-24 11:00:00-21:30,427159,6,super_light_denim_blue,0.93,0.06,0.0,0.01
373,427159006,men_jeans_ripped,trashed_skinny_jeans,39.99,2022-04-24 11:00:00-21:30,427159,6,black_trashed,0.93,0.06,0.0,0.01
374,427159006,men_jeans_ripped,trashed_skinny_jeans,39.99,2022-04-24 11:00:00-21:30,427159,6,light_denim_blue,0.93,0.06,0.0,0.01
375,427159006,men_jeans_ripped,trashed_skinny_jeans,39.99,2022-04-24 11:00:00-21:30,427159,6,denim_blue_bleached,0.93,0.06,0.0,0.01
376,427159006,men_jeans_ripped,trashed_skinny_jeans,39.99,2022-04-24 11:00:00-21:30,427159,6,black_bleached,0.93,0.06,0.0,0.01
377,1008110002,men_jeans_slim,freefit®_slim_jeans,49.99,2022-04-24 11:00:00-21:30,1008110,2,denim_blue,0.0,0.0,0.0,0.0
378,1008110002,men_jeans_slim,freefit®_slim_jeans,49.99,2022-04-24 11:00:00-21:30,1008110,2,dark_denim_blue,0.0,0.0,0.0,0.0
379,1008110002,men_jeans_slim,freefit®_slim_jeans,49.99,2022-04-24 11:00:00-21:30,1008110,2,black_no_fade_black,0.0,0.0,0.0,0.0
380,1008110002,men_jeans_slim,freefit®_slim_jeans,49.99,2022-04-24 11:00:00-21:30,1008110,2,light_denim_blue,0.0,0.0,0.0,0.0
381,1013317006,men_jeans_joggers,hybrid_regular_tapered_joggers,39.99,2022-04-24 11:00:00-21:30,1013317,6,light_denim_blue,0.8,0.19,0.0,0.01
382,1013317006,men_jeans_joggers,hybrid_regular_tapered_joggers,39.99,2022-04-24 11:00:00-21:30,1013317,6,denim_blue,0.8,0.19,0.0,0.01
383,1013317006,men_jeans_joggers,hybrid_regular_tapered_joggers,39.99,2022-04-24 11:00:00-21:30,1013317,6,dark_gray,0.8,0.19,0.0,0.01
384,1013317006,men_jeans_joggers,hybrid_regular_tapered_joggers,39.99,2022-04-24 11:00:00-21:30,1013317,6,black,0.8,0.19,0.0,0.01
385,1013317006,men_jeans_joggers,hybrid_regular_tapered_joggers,39.99,2022-04-24 11:00:00-21:30,1013317,6,dark_blue,0.8,0.19,0.0,0.01
386,1027852007,men_jeans_joggers,relaxed_denim_joggers,29.99,2022-04-24 11:00:00-21:30,1027852,7,dark_gray,0.0,0.0,0.0,0.0
387,1027852007,men_jeans_joggers,relaxed_denim_joggers,29.99,2022-04-24 11:00:00-21:30,1027852,7,denim_blue,0.0,0.0,0.0,0.0
388,1008110003,men_jeans_slim,freefit®_slim_jeans,49.99,2022-04-24 11:00:00-21:30,1008110,3,denim_blue,0.0,0.0,0.0,0.0
389,1008110003,men_jeans_slim,freefit®_slim_jeans,49.99,2022-04-24 11:00:00-21:30,1008110,3,dark_denim_blue,0.0,0.0,0.0,0.0
390,1008110003,men_jeans_slim,freefit®_slim_jeans,49.99,2022-04-24 11:00:00-21:30,1008110,3,black_no_fade_black,0.0,0.0,0.0,0.0
391,1008110003,men_jeans_slim,freefit®_slim_jeans,49.99,2022-04-24 11:00:00-21:30,1008110,3,light_denim_blue,0.0,0.0,0.0,0.0
392,1013317002,men_jeans_joggers,hybrid_regular_tapered_joggers,39.99,2022-04-24 11:00:00-21:30,1013317,2,light_denim_blue,0.8,0.19,0.0,0.01
393,1013317002,men_jeans_joggers,hybrid_regular_tapered_joggers,39.99,2022-04-24 11:00:00-21:30,1013317,2,denim_blue,0.8,0.19,0.0,0.01
394,1013317002,men_jeans_joggers,hybrid_regular_tapered_joggers,39.99,2022-04-24 11:00:00-21:30,1013317,2,dark_gray,0.8,0.19,0.0,0.01
395,1013317002,men_jeans_joggers,hybrid_regular_tapered_joggers,39.99,2022-04-24 11:00:00-21:30,1013317,2,black,0.8,0.19,0.0,0.01
396,1013317002,men_jeans_joggers,hybrid_regular_tapered_joggers,39.99,2022-04-24 11:00:00-21:30,1013317,2,dark_blue,0.8,0.19,0.0,0.01
397,875105024,men_jeans_relaxed,relaxed_jeans,29.99,2022-04-24 11:00:00-21:30,875105,24,denim_blue,0.0,0.0,0.0,0.0
398,875105024,men_jeans_relaxed,relaxed_jeans,29.99,2022-04-24 11:00:00-21:30,875105,24,dark_denim_blue,0.0,0.0,0.0,0.0
399,875105024,men_jeans_relaxed,relaxed_jeans,29.99,2022-04-24 11:00:00-21:30,875105,24,pale_denim_blue,0.0,0.0,0.0,0.0
400,875105024,men_jeans_relaxed,relaxed_jeans,29.99,2022-04-24 11:00:00-21:30,875105,24,black,0.0,0.0,0.0,0.0
401,875105024,men_jeans_relaxed,relaxed_jeans,29.99,2022-04-24 11:00:00-21:30,875105,24,light_denim_blue,0.0,0.0,0.0,0.0
402,875105024,men_jeans_relaxed,relaxed_jeans,29.99,2022-04-24 11:00:00-21:30,875105,24,light_gray,0.0,0.0,0.0,0.0
403,875105018,men_jeans_relaxed,relaxed_jeans,29.99,2022-04-24 11:00:00-21:30,875105,18,denim_blue,0.0,0.0,0.0,0.0
404,875105018,men_jeans_relaxed,relaxed_jeans,29.99,2022-04-24 11:00:00-21:30,875105,18,dark_denim_blue,0.0,0.0,0.0,0.0
405,875105018,men_jeans_relaxed,relaxed_jeans,29.99,2022-04-24 11:00:00-21:30,875105,18,pale_denim_blue,0.0,0.0,0.0,0.0
406,875105018,men_jeans_relaxed,relaxed_jeans,29.99,2022-04-24 11:00:00-21:30,875105,18,black,0.0,0.0,0.0,0.0
407,875105018,men_jeans_relaxed,relaxed_jeans,29.99,2022-04-24 11:00:00-21:30,875105,18,light_denim_blue,0.0,0.0,0.0,0.0
408,875105018,men_jeans_relaxed,relaxed_jeans,29.99,2022-04-24 11:00:00-21:30,875105,18,light_gray,0.0,0.0,0.0,0.0
409,1013317001,men_jeans_joggers,hybrid_regular_tapered_joggers,39.99,2022-04-24 11:00:00-21:30,1013317,1,light_denim_blue,0.8,0.19,0.0,0.01
410,1013317001,men_jeans_joggers,hybrid_regular_tapered_joggers,39.99,2022-04-24 11:00:00-21:30,1013317,1,denim_blue,0.8,0.19,0.0,0.01
411,1013317001,men_jeans_joggers,hybrid_regular_tapered_joggers,39.99,2022-04-24 11:00:00-21:30,1013317,1,dark_gray,0.8,0.19,0.0,0.01
412,1013317001,men_jeans_joggers,hybrid_regular_tapered_joggers,39.99,2022-04-24 11:00:00-21:30,1013317,1,black,0.8,0.19,0.0,0.01
413,1013317001,men_jeans_joggers,hybrid_regular_tapered_joggers,39.99,2022-04-24 11:00:00-21:30,1013317,1,dark_blue,0.8,0.19,0.0,0.01
414,1013317005,men_jeans_joggers,hybrid_regular_tapered_joggers,39.99,2022-04-24 11:00:00-21:30,1013317,5,light_denim_blue,0.8,0.19,0.0,0.01
415,1013317005,men_jeans_joggers,hybrid_regular_tapered_joggers,39.99,2022-04-24 11:00:00-21:30,1013317,5,denim_blue,0.8,0.19,0.0,0.01
416,1013317005,men_jeans_joggers,hybrid_regular_tapered_joggers,39.99,2022-04-24 11:00:00-21:30,1013317,5,dark_gray,0.8,0.19,0.0,0.01
417,1013317005,men_jeans_joggers,hybrid_regular_tapered_joggers,39.99,2022-04-24 11:00:00-21:30,1013317,5,black,0.8,0.19,0.0,0.01
418,1013317005,men_jeans_joggers,hybrid_regular_tapered_joggers,39.99,2022-04-24 11:00:00-21:30,1013317,5,dark_blue,0.8,0.19,0.0,0.01
419,1013317008,men_jeans_joggers,hybrid_regular_tapered_joggers,39.99,2022-04-24 11:00:00-21:30,1013317,8,light_denim_blue,0.8,0.19,0.0,0.01
420,1013317008,men_jeans_joggers,hybrid_regular_tapered_joggers,39.99,2022-04-24 11:00:00-21:30,1013317,8,denim_blue,0.8,0.19,0.0,0.01
421,1013317008,men_jeans_joggers,hybrid_regular_tapered_joggers,39.99,2022-04-24 11:00:00-21:30,1013317,8,dark_gray,0.8,0.19,0.0,0.01
422,1013317008,men_jeans_joggers,hybrid_regular_tapered_joggers,39.99,2022-04-24 11:00:00-21:30,1013317,8,black,0.8,0.19,0.0,0.01
423,1013317008,men_jeans_joggers,hybrid_regular_tapered_joggers,39.99,2022-04-24 11:00:00-21:30,1013317,8,dark_blue,0.8,0.19,0.0,0.01
424,985197003,men_jeans_slim,slim_jeans,19.99,2022-04-24 11:00:00-21:30,985197,3,black,0.0,0.0,0.0,0.0
425,985197003,men_jeans_slim,slim_jeans,19.99,2022-04-24 11:00:00-21:30,985197,3,midnight_blue,0.0,0.0,0.0,0.0
426,985197003,men_jeans_slim,slim_jeans,19.99,2022-04-24 11:00:00-21:30,985197,3,denim_blue,0.0,0.0,0.0,0.0
427,985197003,men_jeans_slim,slim_jeans,19.99,2022-04-24 11:00:00-21:30,985197,3,dark_denim_blue,0.0,0.0,0.0,0.0
428,985197003,men_jeans_slim,slim_jeans,19.99,2022-04-24 11:00:00-21:30,985197,3,light_denim_blue,0.0,0.0,0.0,0.0
429,985197003,men_jeans_slim,slim_jeans,19.99,2022-04-24 11:00:00-21:30,985197,3,dark_gray,0.0,0.0,0.0,0.0
430,875105026,men_jeans_relaxed,relaxed_jeans,29.99,2022-04-24 11:00:00-21:30,875105,26,denim_blue,0.0,0.0,0.0,0.0
431,875105026,men_jeans_relaxed,relaxed_jeans,29.99,2022-04-24 11:00:00-21:30,875105,26,dark_denim_blue,0.0,0.0,0.0,0.0
432,875105026,men_jeans_relaxed,relaxed_jeans,29.99,2022-04-24 11:00:00-21:30,875105,26,pale_denim_blue,0.0,0.0,0.0,0.0
433,875105026,men_jeans_relaxed,relaxed_jeans,29.99,2022-04-24 11:00:00-21:30,875105,26,black,0.0,0.0,0.0,0.0
434,875105026,men_jeans_relaxed,relaxed_jeans,29.99,2022-04-24 11:00:00-21:30,875105,26,light_denim_blue,0.0,0.0,0.0,0.0
435,875105026,men_jeans_relaxed,relaxed_jeans,29.99,2022-04-24 11:00:00-21:30,875105,26,light_gray,0.0,0.0,0.0,0.0
436,1013317010,men_jeans_joggers,hybrid_regular_tapered_joggers,39.99,2022-04-24 11:00:00-21:30,1013317,10,light_denim_blue,0.8,0.19,0.0,0.01
437,1013317010,men_jeans_joggers,hybrid_regular_tapered_joggers,39.99,2022-04-24 11:00:00-21:30,1013317,10,denim_blue,0.8,0.19,0.0,0.01
438,1013317010,men_jeans_joggers,hybrid_regular_tapered_joggers,39.99,2022-04-24 11:00:00-21:30,1013317,10,dark_gray,0.8,0.19,0.0,0.01
439,1013317010,men_jeans_joggers,hybrid_regular_tapered_joggers,39.99,2022-04-24 11:00:00-21:30,1013317,10,black,0.8,0.19,0.0,0.01
440,1013317010,men_jeans_joggers,hybrid_regular_tapered_joggers,39.99,2022-04-24 11:00:00-21:30,1013317,10,dark_blue,0.8,0.19,0.0,0.01
441,1008110006,men_jeans_slim,freefit®_slim_jeans,49.99,2022-04-24 11:00:00-21:30,1008110,6,denim_blue,0.0,0.0,0.0,0.0
442,1008110006,men_jeans_slim,freefit®_slim_jeans,49.99,2022-04-24 11:00:00-21:30,1008110,6,dark_denim_blue,0.0,0.0,0.0,0.0
443,1008110006,men_jeans_slim,freefit®_slim_jeans,49.99,2022-04-24 11:00:00-21:30,1008110,6,black_no_fade_black,0.0,0.0,0.0,0.0
444,1008110006,men_jeans_slim,freefit®_slim_jeans,49.99,2022-04-24 11:00:00-21:30,1008110,6,light_denim_blue,0.0,0.0,0.0,0.0
445,811993039,men_jeans_regular,regular_jeans,29.99,2022-04-24 11:00:00-21:30,811993,39,dark_blue,0.98,0.0,0.0,0.02
446,811993039,men_jeans_regular,regular_jeans,29.99,2022-04-24 11:00:00-21:30,811993,39,black_washed_out,0.99,0.0,0.0,0.01
447,811993039,men_jeans_regular,regular_jeans,29.99,2022-04-24 11:00:00-21:30,811993,39,graphite_gray,0.99,0.0,0.0,0.01
448,811993039,men_jeans_regular,regular_jeans,29.99,2022-04-24 11:00:00-21:30,811993,39,light_denim_blue,0.99,0.0,0.0,0.01
449,811993039,men_jeans_regular,regular_jeans,29.99,2022-04-24 11:00:00-21:30,811993,39,cream,0.99,0.0,0.0,0.01
450,811993039,men_jeans_regular,regular_jeans,29.99,2022-04-24 11:00:00-21:30,811993,39,light_blue,0.99,0.0,0.0,0.01
451,811993039,men_jeans_regular,regular_jeans,29.99,2022-04-24 11:00:00-21:30,811993,39,denim_blue,0.99,0.0,0.0,0.01
452,811993039,men_jeans_regular,regular_jeans,29.99,2022-04-24 11:00:00-21:30,811993,39,pale_denim_blue,0.99,0.0,0.0,0.01
453,811993039,men_jeans_regular,regular_jeans,29.99,2022-04-24 11:00:00-21:30,811993,39,blue,0.99,0.0,0.0,0.01
454,811993039,men_jeans_regular,regular_jeans,29.99,2022-04-24 11:00:00-21:30,811993,39,dark_denim_blue,0.99,0.0,0.0,0.01
455,811993039,men_jeans_regular,regular_jeans,29.99,2022-04-24 11:00:00-21:30,811993,39,black,0.99,0.0,0.0,0.01
456,875105016,men_jeans_relaxed,relaxed_jeans,29.99,2022-04-24 11:00:00-21:30,875105,16,denim_blue,0.0,0.0,0.0,0.0
457,875105016,men_jeans_relaxed,relaxed_jeans,29.99,2022-04-24 11:00:00-21:30,875105,16,dark_denim_blue,0.0,0.0,0.0,0.0
458,875105016,men_jeans_relaxed,relaxed_jeans,29.99,2022-04-24 11:00:00-21:30,875105,16,pale_denim_blue,0.0,0.0,0.0,0.0
459,875105016,men_jeans_relaxed,relaxed_jeans,29.99,2022-04-24 11:00:00-21:30,875105,16,black,0.0,0.0,0.0,0.0
460,875105016,men_jeans_relaxed,relaxed_jeans,29.99,2022-04-24 11:00:00-21:30,875105,16,light_denim_blue,0.0,0.0,0.0,0.0
461,875105016,men_jeans_relaxed,relaxed_jeans,29.99,2022-04-24 11:00:00-21:30,875105,16,light_gray,0.0,0.0,0.0,0.0
462,985197006,men_jeans_slim,slim_jeans,19.99,2022-04-24 11:00:00-21:30,985197,6,black,0.0,0.0,0.0,0.0
463,985197006,men_jeans_slim,slim_jeans,19.99,2022-04-24 11:00:00-21:30,985197,6,midnight_blue,0.0,0.0,0.0,0.0
464,985197006,men_jeans_slim,slim_jeans,19.99,2022-04-24 11:00:00-21:30,985197,6,denim_blue,0.0,0.0,0.0,0.0
465,985197006,men_jeans_slim,slim_jeans,19.99,2022-04-24 11:00:00-21:30,985197,6,dark_denim_blue,0.0,0.0,0.0,0.0
466,985197006,men_jeans_slim,slim_jeans,19.99,2022-04-24 11:00:00-21:30,985197,6,light_denim_blue,0.0,0.0,0.0,0.0
467,985197006,men_jeans_slim,slim_jeans,19.99,2022-04-24 11:00:00-21:30,985197,6,dark_gray,0.0,0.0,0.0,0.0
468,1024711001,men_jeans_slim,slim_jeans,29.99,2022-04-24 11:00:00-21:30,1024711,1,dark_denim_blue,0.0,0.0,0.0,0.0
469,1024711001,men_jeans_slim,slim_jeans,29.99,2022-04-24 11:00:00-21:30,1024711,1,black,0.0,0.0,0.0,0.0
470,1024711001,men_jeans_slim,slim_jeans,29.99,2022-04-24 11:00:00-21:30,1024711,1,light_denim_blue,0.0,0.0,0.0,0.0
471,875105017,men_jeans_relaxed,relaxed_jeans,29.99,2022-04-24 11:00:00-21:30,875105,17,denim_blue,0.0,0.0,0.0,0.0
472,875105017,men_jeans_relaxed,relaxed_jeans,29.99,2022-04-24 11:00:00-21:30,875105,17,dark_denim_blue,0.0,0.0,0.0,0.0
473,875105017,men_jeans_relaxed,relaxed_jeans,29.99,2022-04-24 11:00:00-21:30,875105,17,pale_denim_blue,0.0,0.0,0.0,0.0
474,875105017,men_jeans_relaxed,relaxed_jeans,29.99,2022-04-24 11:00:00-21:30,875105,17,black,0.0,0.0,0.0,0.0
475,875105017,men_jeans_relaxed,relaxed_jeans,29.99,2022-04-24 11:00:00-21:30,875105,17,light_denim_blue,0.0,0.0,0.0,0.0
476,875105017,men_jeans_relaxed,relaxed_jeans,29.99,2022-04-24 11:00:00-21:30,875105,17,light_gray,0.0,0.0,0.0,0.0
477,811993037,men_jeans_regular,regular_jeans,29.99,2022-04-24 11:00:00-21:30,811993,37,dark_blue,0.98,0.0,0.0,0.02
478,811993037,men_jeans_regular,regular_jeans,29.99,2022-04-24 11:00:00-21:30,811993,37,black_washed_out,0.99,0.0,0.0,0.01
479,811993037,men_jeans_regular,regular_jeans,29.99,2022-04-24 11:00:00-21:30,811993,37,graphite_gray,0.99,0.0,0.0,0.01
480,811993037,men_jeans_regular,regular_jeans,29.99,2022-04-24 11:00:00-21:30,811993,37,light_denim_blue,0.99,0.0,0.0,0.01
481,811993037,men_jeans_regular,regular_jeans,29.99,2022-04-24 11:00:00-21:30,811993,37,cream,0.99,0.0,0.0,0.01
482,811993037,men_jeans_regular,regular_jeans,29.99,2022-04-24 11:00:00-21:30,811993,37,light_blue,0.99,0.0,0.0,0.01
483,811993037,men_jeans_regular,regular_jeans,29.99,2022-04-24 11:00:00-21:30,811993,37,denim_blue,0.99,0.0,0.0,0.01
484,811993037,men_jeans_regular,regular_jeans,29.99,2022-04-24 11:00:00-21:30,811993,37,pale_denim_blue,0.99,0.0,0.0,0.01
485,811993037,men_jeans_regular,regular_jeans,29.99,2022-04-24 11:00:00-21:30,811993,37,blue,0.99,0.0,0.0,0.01
486,811993037,men_jeans_regular,regular_jeans,29.99,2022-04-24 11:00:00-21:30,811993,37,dark_denim_blue,0.99,0.0,0.0,0.01
487,811993037,men_jeans_regular,regular_jeans,29.99,2022-04-24 11:00:00-21:30,811993,37,black,0.99,0.0,0.0,0.01
488,938875014,men_jeans_slim,slim_tapered_jeans,39.99,2022-04-24 11:00:00-21:30,938875,14,light_denim_blue,0.0,0.0,0.0,0.0
489,938875014,men_jeans_slim,slim_tapered_jeans,39.99,2022-04-24 11:00:00-21:30,938875,14,white,0.0,0.0,0.0,0.0
490,938875014,men_jeans_slim,slim_tapered_jeans,39.99,2022-04-24 11:00:00-21:30,938875,14,dark_gray,0.0,0.0,0.0,0.0
491,938875014,men_jeans_slim,slim_tapered_jeans,39.99,2022-04-24 11:00:00-21:30,938875,14,light_blue,0.0,0.0,0.0,0.0
492,938875014,men_jeans_slim,slim_tapered_jeans,39.99,2022-04-24 11:00:00-21:30,938875,14,denim_blue,0.0,0.0,0.0,0.0
493,938875014,men_jeans_slim,slim_tapered_jeans,39.99,2022-04-24 11:00:00-21:30,938875,14,pale_denim_blue,0.0,0.0,0.0,0.0
494,938875014,men_jeans_slim,slim_tapered_jeans,39.99,2022-04-24 11:00:00-21:30,938875,14,black,0.0,0.0,0.0,0.0
495,1024711004,men_jeans_slim,slim_jeans,29.99,2022-04-24 11:00:00-21:30,1024711,4,dark_denim_blue,0.0,0.0,0.0,0.0
496,1024711004,men_jeans_slim,slim_jeans,29.99,2022-04-24 11:00:00-21:30,1024711,4,black,0.0,0.0,0.0,0.0
497,1024711004,men_jeans_slim,slim_jeans,29.99,2022-04-24 11:00:00-21:30,1024711,4,light_denim_blue,0.0,0.0,0.0,0.0
498,1063426001,men_jeans_straight,cotton_denim_jeans,49.99,2022-04-24 11:00:00-21:30,1063426,1,,0.0,0.0,0.0,0.0
499,1027852002,men_jeans_joggers,relaxed_denim_joggers,29.99,2022-04-24 11:00:00-21:30,1027852,2,dark_gray,0.0,0.0,0.0,0.0
500,1027852002,men_jeans_joggers,relaxed_denim_joggers,29.99,2022-04-24 11:00:00-21:30,1027852,2,denim_blue,0.0,0.0,0.0,0.0
501,1024711006,men_jeans_slim,slim_jeans,29.99,2022-04-24 11:00:00-21:30,1024711,6,dark_denim_blue,0.0,0.0,0.0,0.0
502,1024711006,men_jeans_slim,slim_jeans,29.99,2022-04-24 11:00:00-21:30,1024711,6,black,0.0,0.0,0.0,0.0
503,1024711006,men_jeans_slim,slim_jeans,29.99,2022-04-24 11:00:00-21:30,1024711,6,light_denim_blue,0.0,0.0,0.0,0.0
504,1018704003,men_jeans_relaxed,relaxed_pull-on_jeans,24.99,2022-04-24 11:00:00-21:30,1018704,3,denim_blue,0.0,0.0,0.0,0.0
505,1018704003,men_jeans_relaxed,relaxed_pull-on_jeans,24.99,2022-04-24 11:00:00-21:30,1018704,3,light_denim_blue,0.0,0.0,0.0,0.0
506,1018704003,men_jeans_relaxed,relaxed_pull-on_jeans,24.99,2022-04-24 11:00:00-21:30,1018704,3,black,0.0,0.0,0.0,0.0
507,985197001,men_jeans_slim,slim_jeans,19.99,2022-04-24 11:00:00-21:30,985197,1,black,0.0,0.0,0.0,0.0
508,985197001,men_jeans_slim,slim_jeans,19.99,2022-04-24 11:00:00-21:30,985197,1,midnight_blue,0.0,0.0,0.0,0.0
509,985197001,men_jeans_slim,slim_jeans,19.99,2022-04-24 11:00:00-21:30,985197,1,denim_blue,0.0,0.0,0.0,0.0
510,985197001,men_jeans_slim,slim_jeans,19.99,2022-04-24 11:00:00-21:30,985197,1,dark_denim_blue,0.0,0.0,0.0,0.0
511,985197001,men_jeans_slim,slim_jeans,19.99,2022-04-24 11:00:00-21:30,985197,1,light_denim_blue,0.0,0.0,0.0,0.0
512,985197001,men_jeans_slim,slim_jeans,19.99,2022-04-24 11:00:00-21:30,985197,1,dark_gray,0.0,0.0,0.0,0.0
513,974597002,men_jeans_slim,slim_tapered_jeans,29.99,2022-04-24 11:00:00-21:30,974597,2,dark_gray,0.0,0.0,0.0,0.0
514,974597002,men_jeans_slim,slim_tapered_jeans,29.99,2022-04-24 11:00:00-21:30,974597,2,denim_blue,0.0,0.0,0.0,0.0
515,974597002,men_jeans_slim,slim_tapered_jeans,29.99,2022-04-24 11:00:00-21:30,974597,2,black,0.0,0.0,0.0,0.0
516,974597002,men_jeans_slim,slim_tapered_jeans,29.99,2022-04-24 11:00:00-21:30,974597,2,light_denim_blue,0.0,0.0,0.0,0.0
517,974597006,men_jeans_slim,slim_tapered_jeans,29.99,2022-04-24 11:00:00-21:30,974597,6,dark_gray,0.0,0.0,0.0,0.0
518,974597006,men_jeans_slim,slim_tapered_jeans,29.99,2022-04-24 11:00:00-21:30,974597,6,denim_blue,0.0,0.0,0.0,0.0
519,974597006,men_jeans_slim,slim_tapered_jeans,29.99,2022-04-24 11:00:00-21:30,974597,6,black,0.0,0.0,0.0,0.0
520,974597006,men_jeans_slim,slim_tapered_jeans,29.99,2022-04-24 11:00:00-21:30,974597,6,light_denim_blue,0.0,0.0,0.0,0.0
521,938875008,men_jeans_slim,slim_tapered_jeans,39.99,2022-04-24 11:00:00-21:30,938875,8,light_denim_blue,0.0,0.0,0.0,0.0
522,938875008,men_jeans_slim,slim_tapered_jeans,39.99,2022-04-24 11:00:00-21:30,938875,8,white,0.0,0.0,0.0,0.0
523,938875008,men_jeans_slim,slim_tapered_jeans,39.99,2022-04-24 11:00:00-21:30,938875,8,dark_gray,0.0,0.0,0.0,0.0
524,938875008,men_jeans_slim,slim_tapered_jeans,39.99,2022-04-24 11:00:00-21:30,938875,8,light_blue,0.0,0.0,0.0,0.0
525,938875008,men_jeans_slim,slim_tapered_jeans,39.99,2022-04-24 11:00:00-21:30,938875,8,denim_blue,0.0,0.0,0.0,0.0
526,938875008,men_jeans_slim,slim_tapered_jeans,39.99,2022-04-24 11:00:00-21:30,938875,8,pale_denim_blue,0.0,0.0,0.0,0.0
527,938875008,men_jeans_slim,slim_tapered_jeans,39.99,2022-04-24 11:00:00-21:30,938875,8,black,0.0,0.0,0.0,0.0
528,875105002,men_jeans_relaxed,relaxed_jeans,29.99,2022-04-24 11:00:00-21:30,875105,2,denim_blue,0.0,0.0,0.0,0.0
529,875105002,men_jeans_relaxed,relaxed_jeans,29.99,2022-04-24 11:00:00-21:30,875105,2,dark_denim_blue,0.0,0.0,0.0,0.0
530,875105002,men_jeans_relaxed,relaxed_jeans,29.99,2022-04-24 11:00:00-21:30,875105,2,pale_denim_blue,0.0,0.0,0.0,0.0
531,875105002,men_jeans_relaxed,relaxed_jeans,29.99,2022-04-24 11:00:00-21:30,875105,2,black,0.0,0.0,0.0,0.0
532,875105002,men_jeans_relaxed,relaxed_jeans,29.99,2022-04-24 11:00:00-21:30,875105,2,light_denim_blue,0.0,0.0,0.0,0.0
533,875105002,men_jeans_relaxed,relaxed_jeans,29.99,2022-04-24 11:00:00-21:30,875105,2,light_gray,0.0,0.0,0.0,0.0
534,993887001,men_jeans_joggers,hybrid_regular_denim_joggers,39.99,2022-04-24 11:00:00-21:30,993887,1,denim_blue,0.77,0.21,0.0,0.02
535,993887001,men_jeans_joggers,hybrid_regular_denim_joggers,39.99,2022-04-24 11:00:00-21:30,993887,1,black,0.77,0.21,0.0,0.02
536,974202002,men_jeans_regular,regular_denim_joggers,29.99,2022-04-24 11:00:00-21:30,974202,2,light_denim_blue,1.0,0.0,0.0,0.0
537,974202002,men_jeans_regular,regular_denim_joggers,29.99,2022-04-24 11:00:00-21:30,974202,2,black,1.0,0.0,0.0,0.0
538,751994024,men_jeans_slim,slim_jeans,29.99,2022-04-24 11:00:00-21:30,751994,24,light_denim_blue,0.98,0.0,0.0,0.02
539,751994024,men_jeans_slim,slim_jeans,29.99,2022-04-24 11:00:00-21:30,751994,24,black_washed_out,0.98,0.0,0.0,0.02
540,751994024,men_jeans_slim,slim_jeans,29.99,2022-04-24 11:00:00-21:30,751994,24,dark_blue_denim,0.98,0.0,0.0,0.02
541,751994024,men_jeans_slim,slim_jeans,29.99,2022-04-24 11:00:00-21:30,751994,24,dark_gray,0.98,0.0,0.0,0.02
542,751994024,men_jeans_slim,slim_jeans,29.99,2022-04-24 11:00:00-21:30,751994,24,light_gray,0.98,0.0,0.0,0.02
543,751994024,men_jeans_slim,slim_jeans,29.99,2022-04-24 11:00:00-21:30,751994,24,dark_denim_blue,0.98,0.0,0.0,0.02
544,751994024,men_jeans_slim,slim_jeans,29.99,2022-04-24 11:00:00-21:30,751994,24,denim_blue,0.98,0.0,0.0,0.02
545,751994024,men_jeans_slim,slim_jeans,29.99,2022-04-24 11:00:00-21:30,751994,24,light_blue,0.98,0.0,0.0,0.02
546,751994024,men_jeans_slim,slim_jeans,29.99,2022-04-24 11:00:00-21:30,751994,24,dark_blue,0.98,0.0,0.0,0.02
547,1025726002,men_jeans_relaxed,relaxed_jeans,39.99,2022-04-24 11:00:00-21:30,1025726,2,graphite_gray,0.0,0.0,0.0,0.0
548,1025726002,men_jeans_relaxed,relaxed_jeans,39.99,2022-04-24 11:00:00-21:30,1025726,2,light_denim_blue,0.0,0.0,0.0,0.0
549,1025726003,men_jeans_relaxed,relaxed_jeans,39.99,2022-04-24 11:00:00-21:30,1025726,3,graphite_gray,0.0,0.0,0.0,0.0
550,1025726003,men_jeans_relaxed,relaxed_jeans,39.99,2022-04-24 11:00:00-21:30,1025726,3,light_denim_blue,0.0,0.0,0.0,0.0
551,1018704002,men_jeans_relaxed,relaxed_pull-on_jeans,24.99,2022-04-24 11:00:00-21:30,1018704,2,denim_blue,0.0,0.0,0.0,0.0
552,1018704002,men_jeans_relaxed,relaxed_pull-on_jeans,24.99,2022-04-24 11:00:00-21:30,1018704,2,light_denim_blue,0.0,0.0,0.0,0.0
553,1018704002,men_jeans_relaxed,relaxed_pull-on_jeans,24.99,2022-04-24 11:00:00-21:30,1018704,2,black,0.0,0.0,0.0,0.0
554,993887002,men_jeans_joggers,hybrid_regular_denim_joggers,39.99,2022-04-24 11:00:00-21:30,993887,2,denim_blue,0.77,0.21,0.0,0.02
555,993887002,men_jeans_joggers,hybrid_regular_denim_joggers,39.99,2022-04-24 11:00:00-21:30,993887,2,black,0.77,0.21,0.0,0.02
556,986779002,men_jeans_relaxed,relaxed_tapered_pull-on_jeans,29.99,2022-04-24 11:00:00-21:30,986779,2,black,0.0,0.0,0.0,0.0
557,986779002,men_jeans_relaxed,relaxed_tapered_pull-on_jeans,29.99,2022-04-24 11:00:00-21:30,986779,2,dark_denim_blue,0.0,0.0,0.0,0.0
558,986779002,men_jeans_relaxed,relaxed_tapered_pull-on_jeans,29.99,2022-04-24 11:00:00-21:30,986779,2,denim_blue,0.0,0.0,0.0,0.0
559,875105009,men_jeans_relaxed,relaxed_jeans,29.99,2022-04-24 11:00:00-21:30,875105,9,denim_blue,0.0,0.0,0.0,0.0
560,875105009,men_jeans_relaxed,relaxed_jeans,29.99,2022-04-24 11:00:00-21:30,875105,9,dark_denim_blue,0.0,0.0,0.0,0.0
561,875105009,men_jeans_relaxed,relaxed_jeans,29.99,2022-04-24 11:00:00-21:30,875105,9,pale_denim_blue,0.0,0.0,0.0,0.0
562,875105009,men_jeans_relaxed,relaxed_jeans,29.99,2022-04-24 11:00:00-21:30,875105,9,black,0.0,0.0,0.0,0.0
563,875105009,men_jeans_relaxed,relaxed_jeans,29.99,2022-04-24 11:00:00-21:30,875105,9,light_denim_blue,0.0,0.0,0.0,0.0
564,875105009,men_jeans_relaxed,relaxed_jeans,29.99,2022-04-24 11:00:00-21:30,875105,9,light_gray,0.0,0.0,0.0,0.0
565,1048642002,men_jeans_regular,regular_bootcut_jeans,39.99,2022-04-24 11:00:00-21:30,1048642,2,denim_blue,0.0,0.0,0.0,0.0
566,1048642002,men_jeans_regular,regular_bootcut_jeans,39.99,2022-04-24 11:00:00-21:30,1048642,2,denim_black,0.0,0.0,0.0,0.0
567,986779003,men_jeans_relaxed,relaxed_tapered_pull-on_jeans,29.99,2022-04-24 11:00:00-21:30,986779,3,black,0.0,0.0,0.0,0.0
568,986779003,men_jeans_relaxed,relaxed_tapered_pull-on_jeans,29.99,2022-04-24 11:00:00-21:30,986779,3,dark_denim_blue,0.0,0.0,0.0,0.0
569,986779003,men_jeans_relaxed,relaxed_tapered_pull-on_jeans,29.99,2022-04-24 11:00:00-21:30,986779,3,denim_blue,0.0,0.0,0.0,0.0
570,1048642001,men_jeans_regular,regular_bootcut_jeans,39.99,2022-04-24 11:00:00-21:30,1048642,1,denim_blue,0.0,0.0,0.0,0.0
571,1048642001,men_jeans_regular,regular_bootcut_jeans,39.99,2022-04-24 11:00:00-21:30,1048642,1,denim_black,0.0,0.0,0.0,0.0
572,814631018,men_jeans_slim,freefit®_slim_jeans,49.99,2022-04-24 11:00:00-21:30,814631,18,dark_denim_blue,0.9,0.0,0.08,0.02
573,814631018,men_jeans_slim,freefit®_slim_jeans,49.99,2022-04-24 11:00:00-21:30,814631,18,light_denim_blue,0.9,0.0,0.08,0.02
574,814631018,men_jeans_slim,freefit®_slim_jeans,49.99,2022-04-24 11:00:00-21:30,814631,18,dark_gray,0.9,0.0,0.08,0.02
575,814631018,men_jeans_slim,freefit®_slim_jeans,49.99,2022-04-24 11:00:00-21:30,814631,18,pale_denim_blue,0.9,0.0,0.08,0.02
576,814631018,men_jeans_slim,freefit®_slim_jeans,49.99,2022-04-24 11:00:00-21:30,814631,18,light_gray,0.9,0.0,0.08,0.02
577,814631018,men_jeans_slim,freefit®_slim_jeans,49.99,2022-04-24 11:00:00-21:30,814631,18,black_no_fade_black,0.9,0.0,0.08,0.02
578,814631018,men_jeans_slim,freefit®_slim_jeans,49.99,2022-04-24 11:00:00-21:30,814631,18,dark_blue,0.9,0.0,0.08,0.02
579,814631018,men_jeans_slim,freefit®_slim_jeans,49.99,2022-04-24 11:00:00-21:30,814631,18,white,0.9,0.0,0.08,0.02
580,814631018,men_jeans_slim,freefit®_slim_jeans,49.99,2022-04-24 11:00:00-21:30,814631,18,gray,0.9,0.0,0.08,0.02
